name,year,listing,group,aspect,en_title,lg_title,wikidata,languages
Rwenzori Mountains National Park,1994,World Heritage,bakonzo,tangible,Rwenzori Mountains National Park,Ekkuumiro ly'ebisolo erya Rwenzori Mountains National Park,Q838928,42
Bwindi Impenetrable National Park,1994,World Heritage,batwa,tangible,Bwindi Impenetrable National Park,Ekkuumiro ly'ebisolo erya Bwindi,Q500397,43
Tombs of Buganda Kings at Kasubi,2001,World Heritage,baganda,tangible,Kasubi Tombs,Kasubi Tombs,Q309426,56
Barkcloth making in Uganda,2008,Representative List,baganda,craft,,,Q112633680,1
Bigwala gourd trumpet music and dance of the Busoga Kingdom,2012,Urgent Safeguarding,basoga,performing,Bigwala,Bigwala,Q28154356,6
"Empaako tradition of the Batooro, Banyoro, Batuku, Batagwenda and Banyabindi",2013,Urgent Safeguarding,batooro,naming,Empaako,,Q96213222 Q48748634,3
Male-child cleansing ceremony of the Lango,2014,Urgent Safeguarding,lango,social,,,Q96213125,0
"Koogere oral tradition of the Basongora, Banyabindi and Batooro",2015,Urgent Safeguarding,basongora,oral,,,Q50922851,0
Ma'di bowl lyre music and dance,2016,Urgent Safeguarding,madi,performing,,,Q113016315,0
