family,group,aspect,articles
bantu,Baganda,Kingship and titles,0
bantu,Baganda,Clans and totems,1
bantu,Baganda,Naming systems,0
bantu,Baganda,Attire,1
bantu,Baganda,Cuisine,0
bantu,Baganda,Traditional governance,0
bantu,Baganda,Games,0
bantu,Baganda,Language,0
bantu,Baganda,Oral traditions and expressions,0
bantu,Baganda,Performing arts,1
bantu,Baganda,Rituals and festive events,0
bantu,Baganda,Knowledge of nature and the universe,0
bantu,Baganda,Traditional craftsmanship,0
bantu,Baganda,"Sites, monuments and regalia",0
bantu,Baganda,The community itself,0
bantu,Banyoro,Kingship and titles,0
bantu,Banyoro,Clans and totems,0
bantu,Banyoro,Naming systems,0
bantu,Banyoro,Attire,0
bantu,Banyoro,Cuisine,0
bantu,Banyoro,Traditional governance,0
bantu,Banyoro,Games,0
bantu,Banyoro,Language,0
bantu,Banyoro,Oral traditions and expressions,0
bantu,Banyoro,Performing arts,0
bantu,Banyoro,Rituals and festive events,0
bantu,Banyoro,Knowledge of nature and the universe,0
bantu,Banyoro,Traditional craftsmanship,0
bantu,Banyoro,"Sites, monuments and regalia",0
bantu,Banyoro,The community itself,1
bantu,Batooro,Kingship and titles,0
bantu,Batooro,Clans and totems,0
bantu,Batooro,Naming systems,0
bantu,Batooro,Attire,0
bantu,Batooro,Cuisine,0
bantu,Batooro,Traditional governance,0
bantu,Batooro,Games,0
bantu,Batooro,Language,0
bantu,Batooro,Oral traditions and expressions,0
bantu,Batooro,Performing arts,0
bantu,Batooro,Rituals and festive events,0
bantu,Batooro,Knowledge of nature and the universe,0
bantu,Batooro,Traditional craftsmanship,0
bantu,Batooro,"Sites, monuments and regalia",0
bantu,Batooro,The community itself,1
bantu,Basoga,Kingship and titles,0
bantu,Basoga,Clans and totems,0
bantu,Basoga,Naming systems,0
bantu,Basoga,Attire,0
bantu,Basoga,Cuisine,0
bantu,Basoga,Traditional governance,0
bantu,Basoga,Games,0
bantu,Basoga,Language,0
bantu,Basoga,Oral traditions and expressions,0
bantu,Basoga,Performing arts,0
bantu,Basoga,Rituals and festive events,0
bantu,Basoga,Knowledge of nature and the universe,0
bantu,Basoga,Traditional craftsmanship,0
bantu,Basoga,"Sites, monuments and regalia",0
bantu,Basoga,The community itself,1
bantu,Bakonzo,Kingship and titles,0
bantu,Bakonzo,Clans and totems,0
bantu,Bakonzo,Naming systems,0
bantu,Bakonzo,Attire,0
bantu,Bakonzo,Cuisine,0
bantu,Bakonzo,Traditional governance,0
bantu,Bakonzo,Games,0
bantu,Bakonzo,Language,0
bantu,Bakonzo,Oral traditions and expressions,0
bantu,Bakonzo,Performing arts,0
bantu,Bakonzo,Rituals and festive events,0
bantu,Bakonzo,Knowledge of nature and the universe,0
bantu,Bakonzo,Traditional craftsmanship,0
bantu,Bakonzo,"Sites, monuments and regalia",0
bantu,Bakonzo,The community itself,1
bantu,Bagisu,Kingship and titles,0
bantu,Bagisu,Clans and totems,0
bantu,Bagisu,Naming systems,0
bantu,Bagisu,Attire,0
bantu,Bagisu,Cuisine,0
bantu,Bagisu,Traditional governance,0
bantu,Bagisu,Games,0
bantu,Bagisu,Language,0
bantu,Bagisu,Oral traditions and expressions,0
bantu,Bagisu,Performing arts,0
bantu,Bagisu,Rituals and festive events,0
bantu,Bagisu,Knowledge of nature and the universe,0
bantu,Bagisu,Traditional craftsmanship,0
bantu,Bagisu,"Sites, monuments and regalia",0
bantu,Bagisu,The community itself,1
bantu,Bakiga,Kingship and titles,0
bantu,Bakiga,Clans and totems,0
bantu,Bakiga,Naming systems,0
bantu,Bakiga,Attire,0
bantu,Bakiga,Cuisine,0
bantu,Bakiga,Traditional governance,0
bantu,Bakiga,Games,0
bantu,Bakiga,Language,0
bantu,Bakiga,Oral traditions and expressions,0
bantu,Bakiga,Performing arts,0
bantu,Bakiga,Rituals and festive events,0
bantu,Bakiga,Knowledge of nature and the universe,0
bantu,Bakiga,Traditional craftsmanship,0
bantu,Bakiga,"Sites, monuments and regalia",0
bantu,Bakiga,The community itself,1
bantu,Banyankole,Kingship and titles,0
bantu,Banyankole,Clans and totems,0
bantu,Banyankole,Naming systems,0
bantu,Banyankole,Attire,0
bantu,Banyankole,Cuisine,0
bantu,Banyankole,Traditional governance,0
bantu,Banyankole,Games,0
bantu,Banyankole,Language,0
bantu,Banyankole,Oral traditions and expressions,0
bantu,Banyankole,Performing arts,0
bantu,Banyankole,Rituals and festive events,0
bantu,Banyankole,Knowledge of nature and the universe,0
bantu,Banyankole,Traditional craftsmanship,0
bantu,Banyankole,"Sites, monuments and regalia",0
bantu,Banyankole,The community itself,1
bantu,Bagwere,Kingship and titles,0
bantu,Bagwere,Clans and totems,0
bantu,Bagwere,Naming systems,0
bantu,Bagwere,Attire,0
bantu,Bagwere,Cuisine,0
bantu,Bagwere,Traditional governance,0
bantu,Bagwere,Games,0
bantu,Bagwere,Language,0
bantu,Bagwere,Oral traditions and expressions,0
bantu,Bagwere,Performing arts,0
bantu,Bagwere,Rituals and festive events,0
bantu,Bagwere,Knowledge of nature and the universe,0
bantu,Bagwere,Traditional craftsmanship,0
bantu,Bagwere,"Sites, monuments and regalia",0
bantu,Bagwere,The community itself,1
bantu,Banyarwanda,Kingship and titles,1
bantu,Banyarwanda,Clans and totems,0
bantu,Banyarwanda,Naming systems,0
bantu,Banyarwanda,Attire,0
bantu,Banyarwanda,Cuisine,0
bantu,Banyarwanda,Traditional governance,0
bantu,Banyarwanda,Games,0
bantu,Banyarwanda,Language,0
bantu,Banyarwanda,Oral traditions and expressions,0
bantu,Banyarwanda,Performing arts,0
bantu,Banyarwanda,Rituals and festive events,0
bantu,Banyarwanda,Knowledge of nature and the universe,0
bantu,Banyarwanda,Traditional craftsmanship,0
bantu,Banyarwanda,"Sites, monuments and regalia",0
bantu,Banyarwanda,The community itself,0
bantu,Bafumbira,Kingship and titles,0
bantu,Bafumbira,Clans and totems,0
bantu,Bafumbira,Naming systems,0
bantu,Bafumbira,Attire,0
bantu,Bafumbira,Cuisine,0
bantu,Bafumbira,Traditional governance,0
bantu,Bafumbira,Games,0
bantu,Bafumbira,Language,0
bantu,Bafumbira,Oral traditions and expressions,0
bantu,Bafumbira,Performing arts,0
bantu,Bafumbira,Rituals and festive events,0
bantu,Bafumbira,Knowledge of nature and the universe,0
bantu,Bafumbira,Traditional craftsmanship,0
bantu,Bafumbira,"Sites, monuments and regalia",0
bantu,Bafumbira,The community itself,0
bantu,Basamia-Bagwe,Kingship and titles,0
bantu,Basamia-Bagwe,Clans and totems,0
bantu,Basamia-Bagwe,Naming systems,0
bantu,Basamia-Bagwe,Attire,0
bantu,Basamia-Bagwe,Cuisine,0
bantu,Basamia-Bagwe,Traditional governance,0
bantu,Basamia-Bagwe,Games,0
bantu,Basamia-Bagwe,Language,1
bantu,Basamia-Bagwe,Oral traditions and expressions,0
bantu,Basamia-Bagwe,Performing arts,0
bantu,Basamia-Bagwe,Rituals and festive events,0
bantu,Basamia-Bagwe,Knowledge of nature and the universe,0
bantu,Basamia-Bagwe,Traditional craftsmanship,0
bantu,Basamia-Bagwe,"Sites, monuments and regalia",0
bantu,Basamia-Bagwe,The community itself,1
bantu,Banyole,Kingship and titles,0
bantu,Banyole,Clans and totems,0
bantu,Banyole,Naming systems,0
bantu,Banyole,Attire,0
bantu,Banyole,Cuisine,0
bantu,Banyole,Traditional governance,0
bantu,Banyole,Games,0
bantu,Banyole,Language,0
bantu,Banyole,Oral traditions and expressions,0
bantu,Banyole,Performing arts,0
bantu,Banyole,Rituals and festive events,0
bantu,Banyole,Knowledge of nature and the universe,0
bantu,Banyole,Traditional craftsmanship,0
bantu,Banyole,"Sites, monuments and regalia",0
bantu,Banyole,The community itself,0
bantu,Bamba,Kingship and titles,0
bantu,Bamba,Clans and totems,0
bantu,Bamba,Naming systems,0
bantu,Bamba,Attire,0
bantu,Bamba,Cuisine,0
bantu,Bamba,Traditional governance,0
bantu,Bamba,Games,0
bantu,Bamba,Language,0
bantu,Bamba,Oral traditions and expressions,0
bantu,Bamba,Performing arts,0
bantu,Bamba,Rituals and festive events,0
bantu,Bamba,Knowledge of nature and the universe,0
bantu,Bamba,Traditional craftsmanship,0
bantu,Bamba,"Sites, monuments and regalia",0
bantu,Bamba,The community itself,1
bantu,Basongora,Kingship and titles,0
bantu,Basongora,Clans and totems,0
bantu,Basongora,Naming systems,0
bantu,Basongora,Attire,0
bantu,Basongora,Cuisine,0
bantu,Basongora,Traditional governance,0
bantu,Basongora,Games,0
bantu,Basongora,Language,0
bantu,Basongora,Oral traditions and expressions,0
bantu,Basongora,Performing arts,0
bantu,Basongora,Rituals and festive events,0
bantu,Basongora,Knowledge of nature and the universe,0
bantu,Basongora,Traditional craftsmanship,0
bantu,Basongora,"Sites, monuments and regalia",0
bantu,Basongora,The community itself,0
bantu,Batwa,Kingship and titles,0
bantu,Batwa,Clans and totems,0
bantu,Batwa,Naming systems,0
bantu,Batwa,Attire,0
bantu,Batwa,Cuisine,0
bantu,Batwa,Traditional governance,0
bantu,Batwa,Games,0
bantu,Batwa,Language,0
bantu,Batwa,Oral traditions and expressions,0
bantu,Batwa,Performing arts,0
bantu,Batwa,Rituals and festive events,0
bantu,Batwa,Knowledge of nature and the universe,0
bantu,Batwa,Traditional craftsmanship,0
bantu,Batwa,"Sites, monuments and regalia",0
bantu,Batwa,The community itself,0
nilotic,Acholi,Kingship and titles,0
nilotic,Acholi,Clans and totems,0
nilotic,Acholi,Naming systems,0
nilotic,Acholi,Attire,0
nilotic,Acholi,Cuisine,0
nilotic,Acholi,Traditional governance,0
nilotic,Acholi,Games,0
nilotic,Acholi,Language,1
nilotic,Acholi,Oral traditions and expressions,0
nilotic,Acholi,Performing arts,0
nilotic,Acholi,Rituals and festive events,0
nilotic,Acholi,Knowledge of nature and the universe,0
nilotic,Acholi,Traditional craftsmanship,0
nilotic,Acholi,"Sites, monuments and regalia",0
nilotic,Acholi,The community itself,1
nilotic,Lango,Kingship and titles,0
nilotic,Lango,Clans and totems,0
nilotic,Lango,Naming systems,0
nilotic,Lango,Attire,0
nilotic,Lango,Cuisine,0
nilotic,Lango,Traditional governance,0
nilotic,Lango,Games,0
nilotic,Lango,Language,3
nilotic,Lango,Oral traditions and expressions,0
nilotic,Lango,Performing arts,0
nilotic,Lango,Rituals and festive events,0
nilotic,Lango,Knowledge of nature and the universe,0
nilotic,Lango,Traditional craftsmanship,0
nilotic,Lango,"Sites, monuments and regalia",0
nilotic,Lango,The community itself,2
nilotic,Alur,Kingship and titles,0
nilotic,Alur,Clans and totems,0
nilotic,Alur,Naming systems,0
nilotic,Alur,Attire,0
nilotic,Alur,Cuisine,0
nilotic,Alur,Traditional governance,0
nilotic,Alur,Games,0
nilotic,Alur,Language,1
nilotic,Alur,Oral traditions and expressions,0
nilotic,Alur,Performing arts,1
nilotic,Alur,Rituals and festive events,0
nilotic,Alur,Knowledge of nature and the universe,0
nilotic,Alur,Traditional craftsmanship,0
nilotic,Alur,"Sites, monuments and regalia",0
nilotic,Alur,The community itself,1
nilotic,Japadhola,Kingship and titles,0
nilotic,Japadhola,Clans and totems,0
nilotic,Japadhola,Naming systems,0
nilotic,Japadhola,Attire,0
nilotic,Japadhola,Cuisine,0
nilotic,Japadhola,Traditional governance,0
nilotic,Japadhola,Games,0
nilotic,Japadhola,Language,0
nilotic,Japadhola,Oral traditions and expressions,0
nilotic,Japadhola,Performing arts,0
nilotic,Japadhola,Rituals and festive events,0
nilotic,Japadhola,Knowledge of nature and the universe,0
nilotic,Japadhola,Traditional craftsmanship,0
nilotic,Japadhola,"Sites, monuments and regalia",0
nilotic,Japadhola,The community itself,0
nilotic,Kuku,Kingship and titles,0
nilotic,Kuku,Clans and totems,0
nilotic,Kuku,Naming systems,0
nilotic,Kuku,Attire,0
nilotic,Kuku,Cuisine,0
nilotic,Kuku,Traditional governance,0
nilotic,Kuku,Games,0
nilotic,Kuku,Language,1
nilotic,Kuku,Oral traditions and expressions,0
nilotic,Kuku,Performing arts,0
nilotic,Kuku,Rituals and festive events,0
nilotic,Kuku,Knowledge of nature and the universe,0
nilotic,Kuku,Traditional craftsmanship,0
nilotic,Kuku,"Sites, monuments and regalia",0
nilotic,Kuku,The community itself,1
ateker,Iteso,Kingship and titles,0
ateker,Iteso,Clans and totems,0
ateker,Iteso,Naming systems,0
ateker,Iteso,Attire,0
ateker,Iteso,Cuisine,0
ateker,Iteso,Traditional governance,0
ateker,Iteso,Games,0
ateker,Iteso,Language,0
ateker,Iteso,Oral traditions and expressions,0
ateker,Iteso,Performing arts,0
ateker,Iteso,Rituals and festive events,0
ateker,Iteso,Knowledge of nature and the universe,0
ateker,Iteso,Traditional craftsmanship,0
ateker,Iteso,"Sites, monuments and regalia",0
ateker,Iteso,The community itself,1
ateker,Karamojong,Kingship and titles,0
ateker,Karamojong,Clans and totems,0
ateker,Karamojong,Naming systems,0
ateker,Karamojong,Attire,0
ateker,Karamojong,Cuisine,0
ateker,Karamojong,Traditional governance,0
ateker,Karamojong,Games,0
ateker,Karamojong,Language,1
ateker,Karamojong,Oral traditions and expressions,0
ateker,Karamojong,Performing arts,0
ateker,Karamojong,Rituals and festive events,0
ateker,Karamojong,Knowledge of nature and the universe,0
ateker,Karamojong,Traditional craftsmanship,0
ateker,Karamojong,"Sites, monuments and regalia",0
ateker,Karamojong,The community itself,1
ateker,Kumam,Kingship and titles,0
ateker,Kumam,Clans and totems,0
ateker,Kumam,Naming systems,0
ateker,Kumam,Attire,0
ateker,Kumam,Cuisine,0
ateker,Kumam,Traditional governance,0
ateker,Kumam,Games,0
ateker,Kumam,Language,1
ateker,Kumam,Oral traditions and expressions,0
ateker,Kumam,Performing arts,0
ateker,Kumam,Rituals and festive events,0
ateker,Kumam,Knowledge of nature and the universe,0
ateker,Kumam,Traditional craftsmanship,0
ateker,Kumam,"Sites, monuments and regalia",0
ateker,Kumam,The community itself,1
ateker,Pokot,Kingship and titles,0
ateker,Pokot,Clans and totems,0
ateker,Pokot,Naming systems,0
ateker,Pokot,Attire,0
ateker,Pokot,Cuisine,0
ateker,Pokot,Traditional governance,0
ateker,Pokot,Games,0
ateker,Pokot,Language,1
ateker,Pokot,Oral traditions and expressions,0
ateker,Pokot,Performing arts,0
ateker,Pokot,Rituals and festive events,0
ateker,Pokot,Knowledge of nature and the universe,0
ateker,Pokot,Traditional craftsmanship,0
ateker,Pokot,"Sites, monuments and regalia",0
ateker,Pokot,The community itself,1
ateker,Sabiny,Kingship and titles,0
ateker,Sabiny,Clans and totems,0
ateker,Sabiny,Naming systems,0
ateker,Sabiny,Attire,0
ateker,Sabiny,Cuisine,0
ateker,Sabiny,Traditional governance,0
ateker,Sabiny,Games,0
ateker,Sabiny,Language,1
ateker,Sabiny,Oral traditions and expressions,0
ateker,Sabiny,Performing arts,0
ateker,Sabiny,Rituals and festive events,0
ateker,Sabiny,Knowledge of nature and the universe,0
ateker,Sabiny,Traditional craftsmanship,0
ateker,Sabiny,"Sites, monuments and regalia",0
ateker,Sabiny,The community itself,1
ateker,Ik,Kingship and titles,0
ateker,Ik,Clans and totems,0
ateker,Ik,Naming systems,0
ateker,Ik,Attire,0
ateker,Ik,Cuisine,0
ateker,Ik,Traditional governance,0
ateker,Ik,Games,0
ateker,Ik,Language,0
ateker,Ik,Oral traditions and expressions,0
ateker,Ik,Performing arts,0
ateker,Ik,Rituals and festive events,0
ateker,Ik,Knowledge of nature and the universe,0
ateker,Ik,Traditional craftsmanship,0
ateker,Ik,"Sites, monuments and regalia",0
ateker,Ik,The community itself,0
sudanic,Lugbara,Kingship and titles,0
sudanic,Lugbara,Clans and totems,0
sudanic,Lugbara,Naming systems,0
sudanic,Lugbara,Attire,0
sudanic,Lugbara,Cuisine,1
sudanic,Lugbara,Traditional governance,0
sudanic,Lugbara,Games,0
sudanic,Lugbara,Language,2
sudanic,Lugbara,Oral traditions and expressions,2
sudanic,Lugbara,Performing arts,1
sudanic,Lugbara,Rituals and festive events,0
sudanic,Lugbara,Knowledge of nature and the universe,0
sudanic,Lugbara,Traditional craftsmanship,0
sudanic,Lugbara,"Sites, monuments and regalia",0
sudanic,Lugbara,The community itself,1
sudanic,Ma'di,Kingship and titles,0
sudanic,Ma'di,Clans and totems,0
sudanic,Ma'di,Naming systems,0
sudanic,Ma'di,Attire,0
sudanic,Ma'di,Cuisine,0
sudanic,Ma'di,Traditional governance,0
sudanic,Ma'di,Games,0
sudanic,Ma'di,Language,2
sudanic,Ma'di,Oral traditions and expressions,0
sudanic,Ma'di,Performing arts,0
sudanic,Ma'di,Rituals and festive events,0
sudanic,Ma'di,Knowledge of nature and the universe,0
sudanic,Ma'di,Traditional craftsmanship,0
sudanic,Ma'di,"Sites, monuments and regalia",0
sudanic,Ma'di,The community itself,0
sudanic,Kakwa,Kingship and titles,0
sudanic,Kakwa,Clans and totems,0
sudanic,Kakwa,Naming systems,0
sudanic,Kakwa,Attire,0
sudanic,Kakwa,Cuisine,0
sudanic,Kakwa,Traditional governance,0
sudanic,Kakwa,Games,0
sudanic,Kakwa,Language,2
sudanic,Kakwa,Oral traditions and expressions,0
sudanic,Kakwa,Performing arts,0
sudanic,Kakwa,Rituals and festive events,0
sudanic,Kakwa,Knowledge of nature and the universe,0
sudanic,Kakwa,Traditional craftsmanship,0
sudanic,Kakwa,"Sites, monuments and regalia",0
sudanic,Kakwa,The community itself,1
sudanic,Aringa,Kingship and titles,0
sudanic,Aringa,Clans and totems,0
sudanic,Aringa,Naming systems,0
sudanic,Aringa,Attire,0
sudanic,Aringa,Cuisine,0
sudanic,Aringa,Traditional governance,0
sudanic,Aringa,Games,0
sudanic,Aringa,Language,1
sudanic,Aringa,Oral traditions and expressions,0
sudanic,Aringa,Performing arts,0
sudanic,Aringa,Rituals and festive events,0
sudanic,Aringa,Knowledge of nature and the universe,0
sudanic,Aringa,Traditional craftsmanship,0
sudanic,Aringa,"Sites, monuments and regalia",0
sudanic,Aringa,The community itself,1
