name,office,organisation,sector,rank,source_url,status,wikidata_qid,en_title,lg_title
Paul Ssemogerere,Archbishop of Kampala,Catholic Archdiocese of Kampala,religion,chief,https://www.independent.co.ug/bishop-ssemogerere-is-the-new-archbishop-of-kampala-archdiocese/,documented,Q486859,Paul Ssemogerere (bishop),Paul Ssemogerere (munnabyabufuzi)
Stephen Kaziimba,Archbishop of the Church of Uganda,Church of Uganda,religion,chief,https://www.independent.co.ug/bishop-ssemogerere-is-the-new-archbishop-of-kampala-archdiocese/,documented,Q66817359,Stephen Kaziimba,Stephen Kaziimba
Moses Magogo,President,Federation of Uganda Football Associations,sport,chief,https://www.independent.co.ug/magogo-re-elected-unopposed-for-third-term-as-fufa-president/,documented,Q64757636,Moses Magogo Hassim,Moses Magogo Hassim
Alfonse Owiny-Dollo,Chief Justice until 2026,Judiciary of Uganda,judiciary,chief,https://www.independent.co.ug/dr-flavian-zeija-is-ugandas-new-chief-justice/,documented,Q38058865,Alfonse Owiny-Dollo,Alfonse Owiny-Dollo
Flavian Zeija,Chief Justice,Judiciary of Uganda,judiciary,chief,https://www.independent.co.ug/dr-flavian-zeija-is-ugandas-new-chief-justice/,documented,Q99753235,Flavian Zeija,Flavian Zeija
Moses Kawumi Kazibwe,Deputy Chief Justice,Judiciary of Uganda,judiciary,chief,https://www.independent.co.ug/who-is-the-newly-appointed-deputy-chief-justice/,documented,Q110397072,Moses Kawumi Kazibwe,
Charles Mbire,Chairperson,MTN Uganda,telecom,chief,https://www.mtn.co.ug/leadership/,documented,Q5080763,Charles Mbire,Charles Mbire
Kin Kariisa,Group Chief Executive Officer,Next Media Services,media,chief,https://kinkariisa.com/,documented,Q75854027,Kin Kariisa,Kin Kariisa
Shaban Ramadhan Mubaje,Mufti of Uganda,Uganda Muslim Supreme Council,religion,chief,https://www.independent.co.ug/seventy-year-old-sheikh-mubaje-re-elected-as-mufti-of-uganda/,documented,Q132147081,Shaban Ramadhan Mubaje,"Shaban Ramadhan Mubaje, omusajja omulala"
Edward Katumba Wamala,"General, retired 2026; former Minister of Works and Transport",Uganda People's Defence Forces,military,chief,https://www.pulse.ug/story/updf-generals-retire-katumba-wamala-uganda-2026082014024651310,wikidata_only,Q6378429,,
Muhoozi Kainerugaba,Chief of Defence Forces,Uganda People's Defence Forces,military,chief,https://www.updf.go.ug/promotions/promoted-generals-and-officers-urged-to-maintain-discipline-and-commitment-for-continued-career-advancement/,documented,Q6933076,Muhoozi Kainerugaba,Muhoozi Kainerugaba
Abbas Byakagaba,Inspector General of Police,Uganda Police Force,police,chief,https://upf.go.ug/appointments-and-redeployments-in-the-uganda-police-force/,absent,,,
John Musinguzi Rujoki,Commissioner General,Uganda Revenue Authority,government,chief,https://ura.go.ug/en/senior-management-team/,documented,Q95976177,John Musinguzi Rujoki,John Musinguzi Rujoki
Don Wanyama,Chief Executive Officer,Vision Group,media,chief,https://www.monitor.co.ug/uganda/news/national/don-wanyama-appointed-vision-group-ceo-3360434,absent,,,
Andrew Bugembe,Chief Financial Officer,MTN Uganda,telecom,executive,https://www.mtn.co.ug/leadership/,absent,,,
Francis Kamulegeya,Independent Non-Executive Director,MTN Uganda,telecom,executive,https://www.mtn.co.ug/leadership/,absent,,,
Phrase Lubega,"Managing Director, MTN Mobile Money Uganda",MTN Uganda,telecom,executive,https://www.mtn.co.ug/leadership/,absent,,,
Thomas Motlepa,Chief Technical Information Officer,MTN Uganda,telecom,executive,https://www.mtn.co.ug/leadership/,absent,,,
Emmanuel Mugagga,Chief Financial and Administrative Officer,Uganda National Oil Company,parastatal,executive,https://www.unoc.co.ug/leadership/,absent,,,
Gilbert Kamuntu,Chief Commercial Officer,Uganda National Oil Company,parastatal,executive,https://www.unoc.co.ug/leadership/,absent,,,
John Bosco Habumugisha,"General Manager, National Pipeline Company",Uganda National Oil Company,parastatal,executive,https://www.unoc.co.ug/leadership/,possible_match,Q146183,,
Michael Nkambo Mugerwa,"General Manager, Uganda Refinery Holding Company",Uganda National Oil Company,parastatal,executive,https://www.unoc.co.ug/leadership/,wikidata_only,Q118725097,,
Peter Muliisa,Chief Legal Officer and Company Secretary,Uganda National Oil Company,parastatal,executive,https://www.unoc.co.ug/leadership/,absent,,,
Philips Obita,General Manager Upstream,Uganda National Oil Company,parastatal,executive,https://www.unoc.co.ug/leadership/,absent,,,
Tony Otoa,Chief Corporate Affairs Officer,Uganda National Oil Company,parastatal,executive,https://www.unoc.co.ug/leadership/,absent,,,
Abel Kandiho,"Major General, retired 2026",Uganda People's Defence Forces,military,executive,https://www.pulse.ug/story/updf-generals-retire-katumba-wamala-uganda-2026082014024651310,documented,Q94638946,Abel Kandiho,Abel Kandiho
Apollo Kasiita-Gowa,"Major General, retired 2026",Uganda People's Defence Forces,military,executive,https://www.pulse.ug/story/updf-generals-retire-katumba-wamala-uganda-2026082014024651310,absent,,,
Charles Angina,"Lieutenant General, retired 2026",Uganda People's Defence Forces,military,executive,https://www.pulse.ug/story/updf-generals-retire-katumba-wamala-uganda-2026082014024651310,documented,Q16148125,Charles Angina,Charles Angina
Charles Okidi,Commander Air Force,Uganda People's Defence Forces,military,executive,https://www.updf.go.ug/promotions/promoted-generals-and-officers-urged-to-maintain-discipline-and-commitment-for-continued-career-advancement/,documented,Q78326454,Charles Okidi,Charles Okidi
Charles Otema Awany,"Lieutenant General, retired 2026",Uganda People's Defence Forces,military,executive,https://www.pulse.ug/story/updf-generals-retire-katumba-wamala-uganda-2026082014024651310,absent,,,
Felix Kulayigye,Director of Defence Public Information,Uganda People's Defence Forces,military,executive,https://www.updf.go.ug/promotions/promoted-generals-and-officers-urged-to-maintain-discipline-and-commitment-for-continued-career-advancement/,documented,Q25755641,Felix Kulayigye,
Geofrey Katsigazi Tumusiime,"Major General, retired 2026",Uganda People's Defence Forces,military,executive,https://www.pulse.ug/story/updf-generals-retire-katumba-wamala-uganda-2026082014024651310,absent,,,
Jack Bakasumba,Chief of Joint Staff,Uganda People's Defence Forces,military,executive,https://www.updf.go.ug/promotions/promoted-generals-and-officers-urged-to-maintain-discipline-and-commitment-for-continued-career-advancement/,absent,,,
Kayanja Muhanga,Commander Land Forces,Uganda People's Defence Forces,military,executive,https://www.updf.go.ug/promotions/promoted-generals-and-officers-urged-to-maintain-discipline-and-commitment-for-continued-career-advancement/,documented,Q16980102,Kayanja Muhanga,
Leopold Eric Kyanda,"Major General, retired 2026",Uganda People's Defence Forces,military,executive,https://www.pulse.ug/story/updf-generals-retire-katumba-wamala-uganda-2026082014024651310,possible_match,Q16731135,,
Sam Okiding,Deputy Chief of Defence Forces,Uganda People's Defence Forces,military,executive,https://www.pulse.ug/story/updf-generals-retire-katumba-wamala-uganda-2026082014024651310,wikidata_only,Q124145192,,
Charles Kataratambi,Director Human Rights and Legal Services,Uganda Police Force,police,executive,https://upf.go.ug/appointments-and-redeployments-in-the-uganda-police-force/,absent,,,
David Waswa,Director Counter Terrorism,Uganda Police Force,police,executive,https://upf.go.ug/appointments-and-redeployments-in-the-uganda-police-force/,absent,,,
Erasmus Twaruhuukwa,Director Research and Planning,Uganda Police Force,police,executive,https://upf.go.ug/appointments-and-redeployments-in-the-uganda-police-force/,absent,,,
Fadhil Kaali,Director Fire and Rescue Services,Uganda Police Force,police,executive,https://upf.go.ug/appointments-and-redeployments-in-the-uganda-police-force/,absent,,,
Felix Baryamwisaki,Director ICT,Uganda Police Force,police,executive,https://upf.go.ug/appointments-and-redeployments-in-the-uganda-police-force/,absent,,,
Frank Mwesigwa,Director Operations,Uganda Police Force,police,executive,https://upf.go.ug/appointments-and-redeployments-in-the-uganda-police-force/,absent,,,
James Ochaya,Deputy Inspector General of Police,Uganda Police Force,police,executive,https://upf.go.ug/appointments-and-redeployments-in-the-uganda-police-force/,absent,,,
John Nuwagira,Director Field Force Unit,Uganda Police Force,police,executive,https://upf.go.ug/appointments-and-redeployments-in-the-uganda-police-force/,absent,,,
Moses Kafeero,Director Human Resource Development and Training,Uganda Police Force,police,executive,https://upf.go.ug/appointments-and-redeployments-in-the-uganda-police-force/,absent,,,
Tom Magambo Rwabudongo,Director Criminal Investigations,Uganda Police Force,police,executive,https://upf.go.ug/appointments-and-redeployments-in-the-uganda-police-force/,absent,,,
Ubaldo Bamunoba,Chief Political Commissar,Uganda Police Force,police,executive,https://upf.go.ug/appointments-and-redeployments-in-the-uganda-police-force/,absent,,,
Abel Kagumire,Commissioner Executive Office Operations,Uganda Revenue Authority,government,executive,https://ura.go.ug/en/senior-management-team/,absent,,,
Charles Kasozi Kizito,Commissioner Strategy and Risk Management,Uganda Revenue Authority,government,executive,https://ura.go.ug/en/senior-management-team/,absent,,,
Denis Kugonza Kateeba,Commissioner Domestic Taxes,Uganda Revenue Authority,government,executive,https://ura.go.ug/en/senior-management-team/,absent,,,
Herbert Rusoke,Commissioner Internal Audit,Uganda Revenue Authority,government,executive,https://ura.go.ug/en/senior-management-team/,absent,,,
John Tinka Katungwensi,Commissioner Tax Academy,Uganda Revenue Authority,government,executive,https://ura.go.ug/en/senior-management-team/,absent,,,
Richard Kariisa,Commissioner Corporate Services,Uganda Revenue Authority,government,executive,https://ura.go.ug/en/senior-management-team/,absent,,,
Robert Mutebi,Commissioner Information Technology and Innovation,Uganda Revenue Authority,government,executive,https://ura.go.ug/en/senior-management-team/,absent,,,
Felix Busizori,Commander 4 Division,Uganda People's Defence Forces,military,senior,https://www.updf.go.ug/promotions/promoted-generals-and-officers-urged-to-maintain-discipline-and-commitment-for-continued-career-advancement/,absent,,,
Keith Katungi,Commander 5 Division,Uganda People's Defence Forces,military,senior,https://www.updf.go.ug/promotions/promoted-generals-and-officers-urged-to-maintain-discipline-and-commitment-for-continued-career-advancement/,absent,,,
Paul Muhanguzi,Commander 2 Division,Uganda People's Defence Forces,military,senior,https://www.updf.go.ug/promotions/promoted-generals-and-officers-urged-to-maintain-discipline-and-commitment-for-continued-career-advancement/,absent,,,
Steven Mugerwa,Commander 1 Division,Uganda People's Defence Forces,military,senior,https://www.updf.go.ug/promotions/promoted-generals-and-officers-urged-to-maintain-discipline-and-commitment-for-continued-career-advancement/,absent,,,
