source,kind,name,district,parent,party,votes,verdict,matched_label
EC,mp,AYEPA MICHAEL,ABIM,LABWOR COUNTY,NRM,10661,no_article_found,
EC,mp,ALI MOSES,ADJUMANI,ADJUMANI WEST COUNTY,NRM,12845,has_article,Moses Ali
EC,mp,MAMAWI JAMES,ADJUMANI,ADJUMANI EAST COUNTY,INDEPENDENT,18149,has_article,Mamawi James
EC,mp,ANYWAR RICKY RICHARD,AGAGO,AGAGO WEST COUNTY,NRM,11407,has_article,Anywar Ricky Richard
EC,mp,LUGWAR BENSON,AGAGO,AGAGO NORTH COUNTY,INDEPENDENT,11847,has_article,Lugwar Benson
EC,mp,OTTO EDWARD MAKMOT,AGAGO,AGAGO COUNTY,NRM,11982,has_article,Otto Edward Makmot
EC,mp,ELEM LEO,ALEBTONG,MOROTO COUNTY,UPC,16204,no_article_found,
EC,mp,JALAMESO FRED,ALEBTONG,AJURI COUNTY,UPC,16336,has_article,Jalameso Fred
EC,mp,ANGWECH COLLINE,AMOLATAR,KIOGA COUNTY,UPC,9342,has_article,Angwech Colline
EC,mp,OCEN GEOFFREY,AMOLATAR,KIOGA NORTH COUNTY,UPC,17658,no_article_found,
EC,mp,LOLEM MICAH AKASILE,AMUDAT,UPE COUNTY,NRM,16782,has_article,Lolem Micah Akasile
EC,mp,EDIAU SAMUEL,AMURIA,AMURIA COUNTY,NRM,25149,has_article,Ediau Samuel
EC,mp,ODONGO JEJE ABUBAKHAR,AMURIA,ORUNGO COUNTY,INDEPENDENT,13654,has_article,Odongo Jeje Abubakhar
EC,mp,AKOL ANTHONY,AMURU,KILAK NORTH COUNTY,NRM,9676,has_article,Akol Anthony
EC,mp,OLANYA GILBERT,AMURU,KILAK SOUTH COUNTY,FDC,13533,has_article,Olanya Gilbert
EC,mp,OBONG PETER ACUDA,APAC,MARUZI COUNTY,UPC,12421,no_article_found,
EC,mp,OCAN PATRICK,APAC,APAC MUNICIPALITY,INDEPENDENT,9136,has_article,Ocan Patrick
EC,mp,OTIM BERNARD,APAC,MARUZI NORTH COUNTY,NRM,11107,no_article_found,
EC,mp,LENIA CHARITY KEVIN,ARUA,VURRA COUNTY,NRM,20708,no_article_found,
EC,mp,MUZAID KHEMIS,ARUA CITY,ARUA CENTRAL DIVISION,FDC,6966,no_article_found,
EC,mp,ONZIMA PHIONA,ARUA CITY,AYIVU DIVISION WEST,NRM,12203,no_article_found,
EC,mp,TIYO WILLIAM TAYLOR ODAA,ARUA CITY,AYIVU DIVISION EAST,NRM,18225,no_article_found,
EC,mp,GOIRE MOSES,BUDAKA,BUDAKA COUNTY,NRM,28854,no_article_found,
EC,mp,KAMPANYA ABDU SWAIBU,BUDAKA,IKI-IKI COUNTY,NRM,14444,no_article_found,
EC,mp,MODOI ISAAC,BUDUDA,LUTSESHE COUNTY,NRM,11086,has_article,Modoi Isaac
EC,mp,NAMBESHE JOHN BAPTIST,BUDUDA,MANJIYA COUNTY,NUP,8231,has_article,Nambeshe John Baptist
EC,mp,WABUSANI STEVEN MAKWA,BUDUDA,BUSHIGAI COUNTY,NRM,3944,no_article_found,
EC,mp,AYAGALACHI JAMALI,BUGIRI,BUKOOLI COUNTY NORTH,NUP,19094,no_article_found,
EC,mp,OKETCHO JOHN FRANCIS,BUGIRI,BUGIRI MUNICIPALITY,NRM,3794,no_article_found,
EC,mp,SILWANY SOLOMON,BUGIRI,BUKOOLI COUNTY CENTRAL,NRM,24892,has_article,Silwany Solomon
EC,mp,WANDERA SADALA,BUGWERI,BUGWERI COUNTY,NRM,24624,no_article_found,
EC,mp,KARIISA JOHNBOSCO KOY,BUHWEJU,BUHWEJU WEST COUNTY,NRM,16786,no_article_found,
EC,mp,MUTEKANGA ZADOCK,BUHWEJU,BUHWEJU COUNTY,NRM,11322,no_article_found,
EC,mp,KANAABI JIMMY,BUIKWE,BUIKWE COUNTY SOUTH,NUP,23053,no_article_found,
EC,mp,MUSANJE MOSES,BUIKWE,NJERU MUNICIPALITY,NUP,18665,no_article_found,
EC,mp,SENTEZA RICHARD,BUIKWE,LUGAZI MUNICIPALITY,INDEPENDENT,10914,no_article_found,
EC,mp,OKWERE DAVID BEECHAM,BUKEDEA,BUKEDEA COUNTY,NRM,68103,no_article_found,
EC,mp,KISEKKA SALIM,BUKOMANSIMBI,BUKOMANSIMBI NORTH COUNTY,NRM,9037,no_article_found,
EC,mp,SSERUNJOGI HASSAN MUKIIBI,BUKOMANSIMBI,BUKOMANSIMBI SOUTH COUNTY,INDEPENDENT,11582,no_article_found,
EC,mp,KAPYAGON BRIAN,BUKWO,KONGASIS COUNTY,INDEPENDENT,11056,no_article_found,
EC,mp,KITI PETER,BUKWO,T'OO COUNTY,NRM,9121,no_article_found,
EC,mp,BIARAEMMANUEL WEPUKHULU,BULAMBULI,BULAMBULI COUNTY,NRM,11611,no_article_found,
EC,mp,NANGOLI GERALD,BULAMBULI,ELGON NORTH COUNTY,NRM,11953,has_article,Nangoli Gerald
EC,mp,WAMAKUYU IGNATIUS MUDIMI,BULAMBULI,ELGON COUNTY,INDEPENDENT,6023,no_article_found,
EC,mp,ATUGONZA ALLAN,BULIISA,BULIISA COUNTY,NRM,15478,no_article_found,
EC,mp,MBALIBULHA CHRISTOPHER KIBANZANGA TABAN,BUNDIBUGYO,BUGHENDERA COUNTY,INDEPENDENT,17343,no_article_found,
EC,mp,NTABAZI HARRIET,BUNDIBUGYO,BWAMBA COUNTY,NRM,26309,has_article,Ntabazi Harriet
EC,mp,KALENZI VICTOR,BUNYANGABU,BUNYANGABU COUNTY,NRM,30153,no_article_found,
EC,mp,AMANYA COHEN KYAMPENE,BUSHENYI,IGARA COUNTY WEST,NRM,19797,no_article_found,
EC,mp,BASSAJJA IDDI,BUSHENYI,BUSHENYI -ISHAKA MUNICIPALITY,NRM,11641,no_article_found,
EC,mp,MAWANDA MICHAEL MARANGA,BUSHENYI,IGARA COUNTY EAST,NRM,14448,has_article,Mawanda Michael Maranga
EC,mp,MAGANDA JULIUS WANDERA,BUSIA,SAMIA BUGWE COUNTY SOUTH,NRM,13897,has_article,Maganda Julius Wandera
EC,mp,MULEMYA ISMAIL SOWED,BUSIA,BUSIA MUNICIPALITY,NRM,6350,no_article_found,
EC,mp,WANDERA JOHN PAUL,BUSIA,SAMIA BUGWE COUNTY NORTH,INDEPENDENT,17747,no_article_found,
EC,mp,WANYAMA RICHARD,BUSIA,SAMIA BUGWE CENTRAL COUNTY,NRM,18316,no_article_found,
EC,mp,MUTEGO RONARD HANGUJJA,BUTALEJA,BUNYOLE EAST COUNTY,INDEPENDENT,17355,no_article_found,
EC,mp,WALUSWAKAJAMES,BUTALEJA,BUNYOLE WEST COUNTY,NRM,20270,no_article_found,
EC,mp,MUKIIBI ERIASA SSERUNJOGI,BUTAMBALA,BUTAMBALA COUNTY,INDEPENDENT,18102,no_article_found,
EC,mp,MUDUKOI FRED ODUCHU,BUTEBO,BUTEBO COUNTY,NRM,25460,no_article_found,
EC,mp,MIGADDE ROBERT NDUGWA,BUVUMA,BUVUMA ISLANDS COUNTY,NRM,11827,has_article,Migadde Robert Ndugwa
EC,mp,BABIRYE MILLY BABALANDA,BUYENDE,BUDIOPE WEST COUNTY,NRM,16288,has_article,Babirye Milly Babalanda
EC,mp,MAGOGO MOSES HASSIM,BUYENDE,BUDIOPE EAST COUNTY,NRM,83,has_article,Magogo Moses Hassim
EC,mp,OGWAL JOSEPH JONES,DOKOLO,DOKOLO NORTH COUNTY,NRM,8845,no_article_found,
EC,mp,OPITO VINCENT,DOKOLO,DOKOLO SOUTH COUNTY,UPC,18024,no_article_found,
EC,mp,MUGISAMARGARET MUHANGA,FORTPORTAL CITY,FORTPORTAL NORTH DIVISION,NRM,10333,no_article_found,
EC,mp,MUHENDA RONALD,FORTPORTAL CITY,FORTPORTAL CENTRAL DIVISION,INDEPENDENT,10956,no_article_found,
EC,mp,RWAKOOJOROBINA GUREME,GOMBA,GOMBA WEST COUNTY,NRM,16930,no_article_found,
EC,mp,SAAZI GODFREY,GOMBA,GOMBA EAST COUNTY,NUP,10907,no_article_found,
EC,mp,OKELLO PATRICK ONGUTI,GULU,ASWA COUNTY,DP,13889,no_article_found,
EC,mp,MAO NORBERT,GULU CITY,LAROO-PECE DIVISION,DP,7359,has_article,Mao Norbert
EC,mp,OJARA MARTIN MAPENDUZI,GULU CITY,BARDEGE-LAYIBI DIVISION,NRM,8835,has_article,Ojara Martin Mapenduzi
EC,mp,KASIGWA GERALD BIHEMAISO,HOIMA,KIGOROBYA COUNTY,NRM,12175,no_article_found,
EC,mp,WAKABI PIUS,HOIMA,BUGAHYA COUNTY,NRM,30923,no_article_found,
EC,mp,ISINGOMA PATRICK MWESIGWA,HOIMA CITY,HOIMA EAST DIVISION,INDEPENDENT,10688,no_article_found,
EC,mp,KASULE ISMAIL,HOIMA CITY,HOIMA WEST DIVISION,ANT,9102,no_article_found,
EC,mp,AGABA PETER,IBANDA,IBANDA MUNICIPALITY,NRM,14279,no_article_found,
EC,mp,GUMA DAVID GUMISIRIZA,IBANDA,IBANDA COUNTY NORTH,NRM,13496,no_article_found,
EC,mp,NINKUSIIMA JOHN PAUL,IBANDA,IBANDA COUNTY SOUTH,NRM,18615,no_article_found,
EC,mp,KIIZA ANDREW NAMITEGO KALUYA,IGANGA,KIGULU COUNTY SOUTH,NUP,10698,has_article,Kiiza Andrew Namitego Kaluya
EC,mp,KUNGU SAMUEL BAMUTEEZE,IGANGA,KIGULU COUNTY NORTH,NRM,18130,no_article_found,
EC,mp,MUDIOBOLE ABEDI NASSER,IGANGA,IGANGA MUNICIPALITY,NUP,11751,no_article_found,
EC,mp,BYANYIMA NATHAN,ISINGIRO,BUKANGA NORTH COUNTY,NRM,19932,has_article,Byanyima Nathan
EC,mp,KANGWAGYE STEPHEN RWAKANUMA,ISINGIRO,BUKANGA COUNTY,NRM,31594,no_article_found,
EC,mp,MUJUNI ASENSIO MAARI,ISINGIRO,ISINGIRO COUNTY SOUTH,NRM,23752,no_article_found,
EC,mp,TUMWESIGYE ANTHONY,ISINGIRO,ISINGIRO WEST COUNTY,INDEPENDENT,9047,no_article_found,
EC,mp,KIIRYA GRACE PADDY WANZALA,JINJA,BUTEMBE COUNTY,FDC,6215,no_article_found,
EC,mp,ODWORI JOHN,JINJA,KAGOMA NORTH COUNTY,NUP,9593,no_article_found,
EC,mp,WALYOMU MOSES MUWANIKA,JINJA,KAGOMA COUNTY,INDEPENDENT,6685,no_article_found,
EC,mp,BATUWA TIMOTHY LUSALA,JINJA CITY,JINJASOUTH DIVISION WEST,NUP,4900,no_article_found,
EC,mp,MUYONJOHUSSEIN,JINJA CITY,JINJANORTH DIVISION,NUP,20157,no_article_found,
EC,mp,MWIRU PAUL,JINJA CITY,JINJASOUTH DIVISION EAST,NUP,6305,has_article,Mwiru Paul
EC,mp,KOMOL JOSEPH MIIDI,KAABONG,DODOTH NORTH COUNTY,NRM,8350,no_article_found,
EC,mp,LOKWANG HILLARY,KAABONG,IK COUNTY,NRM,1654,has_article,Lokwang Hillary
EC,mp,PAAK PETER PEX,KAABONG,DODOTH EAST COUNTY,NRM,10159,no_article_found,
EC,mp,BARYAYANGA ANDREW AJA,KABALE,KABALE MUNICIPALITY,NRM,7973,has_article,Baryayanga Andrew Aja
EC,mp,BEGUMISA PROTAZIO,KABALE,NDORWA COUNTY EAST,NRM,17662,no_article_found,
EC,mp,NATURINDA ELIAB,KABALE,NDORWA COUNTY WEST,NRM,22601,no_article_found,
EC,mp,MUGENYI JOSEPH,KABAROLE,BURAHYA COUNTY,NRM,50375,has_article,Mugenyi Joseph
EC,mp,EDAKASI ALFRED ELALU-OLALE,KABERAMAIDO,KABERAMAIDO COUNTY,NRM,11891,no_article_found,
EC,mp,OKULLO FRANCIS,KABERAMAIDO,OCHERO COUNTY,NRM,7996,no_article_found,
EC,mp,NAMARADENNIS,KAGADI,BUYAGA WEST COUNTY,NRM,42315,no_article_found,
EC,mp,TWESIGE STEPHEN,KAGADI,BUYAGA EAST COUNTY,NRM,34637,no_article_found,
EC,mp,LUBEGA GEORGE WILLY,KAKUMIRO,BUGANGAIZI SOUTH COUNTY,NRM,17076,no_article_found,
EC,mp,TWINAMASIKO ONESIMUS,KAKUMIRO,BUGANGAIZI EAST COUNTY,NRM,19679,no_article_found,
EC,mp,ONGALO-OBOTE CLEMENT KENNETH,KALAKI,KALAKI COUNTY,NRM,20541,no_article_found,
EC,mp,BIRUNGI CAROLYN NANYONDO,KALANGALA,KYAMUSWA COUNTY,NRM,5591,has_article,Birungi Carolyn Nanyondo
EC,mp,LUGOLOOBI WILLY BAGEYENTE,KALANGALA,BUJUMBA COUNTY,NRM,5564,no_article_found,
EC,mp,KASAJJA GEORGE PATRICK,KALIRO,BULAMOGI NORTH WEST COUNTY,NRM,13048,no_article_found,
EC,mp,MUTEBI BENARD MUGOYA,KALIRO,BULAMOGI COUNTY,INDEPENDENT,29268,no_article_found,
EC,mp,KIRULUUTA YUSUF JUNIOR NKERETTANYI,KALUNGU,KALUNGU COUNTY EAST,NUP,15473,no_article_found,
EC,mp,SSEWUNGU JOSEPH GONZAGA,KALUNGU,KALUNGU COUNTY WEST,NUP,10106,has_article,Ssewungu Joseph Gonzaga
EC,mp,KABANDA MINSA NABBENGO,KAMPALA,KAMPALACENTRAL DIVISION,NRM,22280,no_article_found,
EC,mp,KASIRYE NGANDA ALI,KAMPALA,MAKINDYE DIVISION EAST,NUP,17700,no_article_found,
EC,mp,KAWALYA ABUBAKER,KAMPALA,RUBAGA DIVISION NORTH,NUP,30589,no_article_found,
EC,mp,LUYIMBAZI NALUKOOLAELIAS,KAMPALA,KAWEMPE DIVISION NORTH,NUP,34955,no_article_found,
EC,mp,MAALAZAHRAH LUYIRIKA,KAMPALA,MAKINDYE DIVISION WEST,NUP,32264,no_article_found,
EC,mp,NASSOLOEUGENIA,KAMPALA,RUBAGA DIVISION SOUTH,NUP,35366,no_article_found,
EC,mp,NTALE NSEREKO MADINA,KAMPALA,KAWEMPE DIVISION SOUTH,NRM,18591,no_article_found,
EC,mp,RUHINDI FREDRICK,KAMPALA,NAKAWA DIVISION EAST,NRM,18575,has_article,Ruhindi Fredrick
EC,mp,SSENYONYI JOEL BESEKEZI,KAMPALA,NAKAWA DIVISION WEST,NUP,21761,has_article,Ssenyonyi Joel Besekezi
EC,mp,BAZAANYA MATAYO,KAMULI,BUGABULA COUNTY SOUTH,NRM,14615,no_article_found,
EC,mp,MUGABI MUZAALE MARTIN KISULE,KAMULI,BUZAAYA COUNTY,NRM,10547,no_article_found,
EC,mp,NAMATOVU MASTULA,KAMULI,KAMULI MUNICIPALITY,NRM,8582,has_article,Namatovu Mastula
EC,mp,TEIRAJOHN,KAMULI,BUGABULA COUNTY NORTH,NRM,10178,no_article_found,
EC,mp,ABIGABA CUTHBERT MIREMBE,KAMWENGE,KIBALE COUNTY,NRM,27363,has_article,Abigaba Cuthbert Mirembe
EC,mp,TUMWEBAZE FRANK KAGYIGYI,KAMWENGE,KIBALE EAST COUNTY,NRM,45443,has_article,Tumwebaze Frank Kagyigyi
EC,mp,BARYOMUNSI CHRIS,KANUNGU,KINKIZI COUNTY EAST,NRM,23830,has_article,Chris Baryomunsi
EC,mp,NIRINGIYIMANA JAMES RUUGI KABERUKA,KANUNGU,KINKIZI COUNTY WEST,NRM,22505,no_article_found,
EC,mp,KITIYO PATRICK,KAPCHORWA,KAPCHORWA MUNICIPALITY,INDEPENDENT,10352,no_article_found,
EC,mp,TWALLA FADIL,KAPCHORWA,TINGEY COUNTY,NRM,14219,no_article_found,
EC,mp,AKORIKIN FRANCIS,KAPELEBYONG,KAPELEBYONG COUNTY,NRM,14670,no_article_found,
EC,mp,BAATOM BEN KORYANG,KARENGA,DODOTH WEST COUNTY,NRM,4655,no_article_found,
EC,mp,LOLUK FIDELIS LOGWEE,KARENGA,NAPORE WEST COUNTY,INDEPENDENT,2919,no_article_found,
EC,mp,KAMBALE FERIGO,KASESE,KASESE MUNICIPALITY,NRM,11899,has_article,Kambale Ferigo
EC,mp,KITANYWASOWEDI,KASESE,BUSONGORA COUNTY NORTH,NRM,21064,no_article_found,
EC,mp,KIYONGA C W C B,KASESE,BUKONJO COUNTY WEST,NRM,35899,no_article_found,
EC,mp,MONDAY JULIUS RUDE,KASESE,BUKONZO COUNTY EAST,NRM,28195,no_article_found,
EC,mp,MULINDWA DAVID ISIMBWA,KASESE,BUSONGORA COUNTY SOUTH,NRM,10845,no_article_found,
EC,mp,BISASO ABDUL,KASSANDA,KASSANDA COUNTY SOUTH,NRM,11765,no_article_found,
EC,mp,BUKENYA MICHAEL IGA,KASSANDA,BUKUYA COUNTY,NRM,15860,no_article_found,
EC,mp,NSAMBA PATRICK OSHABE,KASSANDA,KASSANDA COUNTY NORTH,NUP,12274,has_article,Nsamba Patrick Oshabe
EC,mp,OGWANG PETER,KATAKWI,NGARIAM COUNTY,NRM,20372,has_article,Ogwang Peter
EC,mp,ONGOROK RICHARD,KATAKWI,USUK COUNTY,NRM,7873,no_article_found,
EC,mp,OSSIYA SOLOMON ALEMU,KATAKWI,TOROMA COUNTY,NRM,10044,no_article_found,
EC,mp,BASEKE FRED,KAYUNGA,NTENJERU COUNTY SOUTH,NRM,14573,no_article_found,
EC,mp,LUGOLOOBI AMOS,KAYUNGA,NTENJERU COUNTY NORTH,NRM,18013,has_article,Lugoloobi Amos
EC,mp,TEBANDEKE CHARLES,KAYUNGA,BBAALE COUNTY,NUP,17507,no_article_found,
EC,mp,ATWIJUKIRE DAN KIMOSHO,KAZO,KAZO COUNTY,NRM,40904,no_article_found,
EC,mp,KASAIJAMATIA,KIBAALE,BUYANJA COUNTY,NRM,18104,no_article_found,
EC,mp,KUGONZA EMELY,KIBAALE,BUYANJAEAST COUNTY,NRM,17,no_article_found,
EC,mp,LULE ERIA ERICK,KIBOGA,KIBOGA WEST COUNTY,NRM,9235,no_article_found,
EC,mp,MUSOKE MICHAEL TREVOSS,KIBOGA,KIBOGA EAST COUNTY,NUP,8866,no_article_found,
EC,mp,KINOBERE HERBERT TOM,KIBUKU,KIBUKU COUNTY,INDEPENDENT,14522,no_article_found,
EC,mp,WAKIDA PATRICK GODFREY,KIBUKU,KABWERI COUNTY,NRM,19766,no_article_found,
EC,mp,ASEERA STEPHEN,KIKUUBE,BUHAGUZI EAST COUNTY,NRM,10668,no_article_found,
EC,mp,TWINOMUJUNI FRANCIS KAZINI,KIKUUBE,BUHAGUZI COUNTY,NRM,21336,no_article_found,
EC,mp,KAJWENGYE TWINOMUGISHA WILSON,KIRUHURA,NYABUSHOZI COUNTY,NRM,21474,no_article_found,
EC,mp,TUMURAMYE GENENSIO,KIRUHURA,KASHONGI COUNTY,NRM,13088,no_article_found,
EC,mp,KARUBANGA JACOB ATEENYI,KIRYANDONGO,KIBANDA SOUTH COUNTY,INDEPENDENT,9531,no_article_found,
EC,mp,NGOMPEK LINOS,KIRYANDONGO,KIBANDA NORTH COUNTY,NRM,14564,has_article,Ngompek Linos
EC,mp,BYIBESHO SAM,KISORO,KISORO MUNICIPALITY,NRM,4834,has_article,Byibesho Sam
EC,mp,HABYARA FORTUNATE,KISORO,BUFUMBIRA COUNTY NORTH,NRM,8374,no_article_found,
EC,mp,KWIZERA EDDIE WA-GAHUNGU,KISORO,BUKIMBIRI COUNTY,INDEPENDENT,14761,no_article_found,
EC,mp,NIYONSABA ALEX,KISORO,BUFUMBIRA COUNTY SOUTH,NRM,23897,no_article_found,
EC,mp,NKRUMAH ROLAND,KISORO,BUFUMBIRA COUNTY EAST,NRM,14708,no_article_found,
EC,mp,MUGABE ROBERT,KITAGWENDA,KITAGWENDA COUNTY,NRM,33249,no_article_found,
EC,mp,OKOYA JOHN CALVIN,KITGUM,CHUA EAST COUNTY,INDEPENDENT,14688,no_article_found,
EC,mp,ONEKA LIT AMERE DENIS,KITGUM,KITGUM MUNICIPALITY,FDC,6176,no_article_found,
EC,mp,ORYEMA SIMON PETER ADUM,KITGUM,CHUA WEST COUNTY,NRM,9024,no_article_found,
EC,mp,BANYA EMMANUEL NATAL,KOBOKO,KOBOKO COUNTY,NRM,66,has_article,Banya Emmanuel Natal
EC,mp,DUUKI BRAN,KOBOKO,KOBOKO MUNICIPALITY,NUP,2362,no_article_found,
EC,mp,MUSANOAH,KOBOKO,KOBOKO NORTH COUNTY,NRM,7720,no_article_found,
EC,mp,OKOT BONIFACE HENRY,KOLE,KOLE SOUTH COUNTY,NRM,16447,no_article_found,
EC,mp,OPIO SAMUEL ACUTI,KOLE,KOLE NORTH COUNTY,NRM,26933,no_article_found,
EC,mp,ACHIA LOKIRU GABRIEL,KOTIDO,JIE COUNTY,NRM,28972,no_article_found,
EC,mp,ISMAIL MUHAMMAD LOMWAR,KOTIDO,KOTIDO MUNICIPALITY,NRM,8320,no_article_found,
EC,mp,AOGON SILAS,KUMI,KUMI MUNICIPALITY,INDEPENDENT,6152,has_article,Aogon Silas
EC,mp,OKAASAI SIDRONIUS OPOLOT,KUMI,KUMI COUNTY,NRM,20095,has_article,Okaasai Sidronius Opolot
EC,mp,OPOLOT-OKWALINGA SIMON PETER,KUMI,KANYUM COUNTY,NRM,11558,has_article,Opolot-okwalinga Simon Peter
EC,mp,ERON TONNY,KWANIA,KWANIA COUNTY,NRM,11429,no_article_found,
EC,mp,ONGU JAMES,KWANIA,KWANIA NORTH COUNTY,NRM,16363,no_article_found,
EC,mp,CHEMONGES WILLIAM,KWEEN,KWEEN COUNTY,NRM,19762,no_article_found,
EC,mp,MALINGA ISAAC MAIKUT,KWEEN,SOI COUNTY,NRM,3038,no_article_found,
EC,mp,BINGI PATRICK NYANZI,KYANKWANZI,BUTEMBA COUNTY,NRM,20051,no_article_found,
EC,mp,KIKABI EDWARD,KYANKWANZI,NTWETWE COUNTY,NRM,16057,no_article_found,
EC,mp,BRIGHT TOM AMOOTI,KYEGEGWA,KYAKACENTRAL COUNTY,NRM,12995,has_article,Bright Tom Amooti
EC,mp,KAFUUZI JACKSON KARUGABA,KYEGEGWA,KYAKASOUTH COUNTY,NRM,21474,has_article,Kafuuzi Jackson Karugaba
EC,mp,KAHEERU VINCENT FREEDOM,KYEGEGWA,KYAKANORTH COUNTY,NRM,18242,no_article_found,
EC,mp,AKUGIZIBWE LAWRENCE,KYENJOJO,MWENGE COUNTY NORTH,NRM,28505,has_article,Akugizibwe Lawrence
EC,mp,KASUKAALI METHUSELAH,KYENJOJO,MWENGE CENTRAL COUNTY,NRM,18033,no_article_found,
EC,mp,KUTEESAMARY KAMULI,KYENJOJO,MWENGE COUNTY SOUTH,NRM,44860,no_article_found,
EC,mp,KAKA LUBEGA ISMAIL UTHUMAN,KYOTERA,KAKUUTO COUNTY,NRM,12029,has_article,Kaka Lubega Ismail Uthuman
EC,mp,KYEYUNE HARUNA KASOLO,KYOTERA,KYOTERA COUNTY,NRM,33044,has_article,Kyeyune Haruna Kasolo
EC,mp,NYEKO JOHNNSON KEZEKIYA,LAMWO,LAMWO COUNTY,NRM,21851,no_article_found,
EC,mp,ONEK HILARY OBALOKER,LAMWO,PALABEK COUNTY,NRM,6547,has_article,Onek Hilary Obaloker
EC,mp,ENGOLASAM,LIRA,ERUTE COUNTY SOUTH,NRM,22509,no_article_found,
EC,mp,ONGOM PATRICK,LIRA,ERUTE COUNTY NORTH,NRM,10213,no_article_found,
EC,mp,ALYELADENIS OMODI,LIRA CITY,LIRAEAST DIVISION,NRM,17495,no_article_found,
EC,mp,OBONG VINCENT SHEDRICK,LIRA CITY,LIRAWEST DIVISION,UPC,13455,no_article_found,
EC,mp,BAGOOLE NGOBI JOHN,LUUKA,LUUKANORTH COUNTY,NRM,11190,no_article_found,
EC,mp,KISASTEPHEN BAKUBALWAYO,LUUKA,LUUKASOUTH COUNTY,NRM,14181,no_article_found,
EC,mp,KIRUMIRAHASSAN,LUWEERO,KATIKAMU COUNTY SOUTH,NUP,19534,no_article_found,
EC,mp,SEKABIRADENES,LUWEERO,KATIKAMU COUNTY NORTH,NUP,22137,no_article_found,
EC,mp,SSEKITOLEEKO ROBERT,LUWEERO,BAMUNANIKA COUNTY,NUP,22303,no_article_found,
EC,mp,KIYIMBA EMMANUEL,LWENGO,BUKOTO COUNTY MID-WEST,NRM,10061,no_article_found,
EC,mp,KIZZA HAKIM SAWULA,LWENGO,BUKOTO COUNTY SOUTH,NUP,8055,no_article_found,
EC,mp,SSENTAYI MUHAMAD,LWENGO,BUKOTO COUNTY WEST,NRM,16599,no_article_found,
EC,mp,ASIIMWE ENOS KINYWAMACHUNDA,LYANTONDE,KABULA COUNTY,NRM,15925,no_article_found,
EC,mp,DRITO MARTIN ANDI,MADI-OKOLLO,UPPER MADI COUNTY,NRM,8213,has_article,Drito Martin Andi
EC,mp,OGAMA ALLI ISMAIL,MADI-OKOLLO,LOWER MADI COUNTY,NRM,12915,no_article_found,
EC,mp,MATEMBU CHRISS WATAKA,MANAFWA,BUBULO COUNTY WEST,INDEPENDENT,17991,no_article_found,
EC,mp,WAKOOLI GODFREY MATEMBU,MANAFWA,BUTIRU COUNTY,NRM,10850,has_article,Wakooli Godfrey Matembu
EC,mp,TOM ALITI CANDIA,MARACHA,MARACHA EAST COUNTY,NRM,12606,no_article_found,
EC,mp,UHURU NELSON,MARACHA,MARACHA COUNTY,NRM,13696,no_article_found,
EC,mp,BABIRYE KITYO SARAH,MASAKA,BUKOTO COUNTY EAST,NRM,8980,has_article,Babirye Kityo Sarah
EC,mp,SEBAMALARICHARD,MASAKA,BUKOTO COUNTY CENTRAL,DP,5124,no_article_found,
EC,mp,KUTEESAPATRICK,MASAKA CITY,KIMAANYA-KABONERA DIVISION,NUP,8103,no_article_found,
EC,mp,LUBOWA SSEBINA GYAVIIRA,MASAKA CITY,NYENDO-MUKUNGWE DIVISION,NUP,21447,no_article_found,
EC,mp,AKUGIZIBWE ALED RONALD,MASINDI,BURULI COUNTY,NRM,13321,no_article_found,
EC,mp,BYAMUKAMA ROGERS,MASINDI,MASINDI MUNICIPALITY,NRM,14218,no_article_found,
EC,mp,KIIZA KENNETH NYENDWOHA,MASINDI,BUJENJE COUNTY,NRM,14604,no_article_found,
EC,mp,BAGIIRE AGGREY HENRY,MAYUGE,BUNYA COUNTY WEST,NRM,17449,has_article,Bagiire Aggrey Henry
EC,mp,EKORO ALEX IRUKAN,MAYUGE,BUNYA COUNTY EAST,NRM,13994,no_article_found,
EC,mp,MPAATA SALLEH,MAYUGE,BUNYA COUNTY SOUTH,NRM,14459,no_article_found,
EC,mp,MASABA MUHAMOOD MUTENYO,MBALE,BUNGOKHO CENTRAL COUNTY,NRM,11930,no_article_found,
EC,mp,WANYENYA SHAFIGA,MBALE,BUNGOKHO COUNTY NORTH,NRM,9844,no_article_found,
EC,mp,WOKURI GEOFREY,MBALE,BUNGOKHO COUNTY SOUTH,NRM,16610,no_article_found,
EC,mp,MASABA KARIM,MBALE CITY,INDUSTRIAL DIVISION,INDEPENDENT,12081,no_article_found,
EC,mp,NANGOLI UMAR,MBALE CITY,NORTHERN DIVISION,INDEPENDENT,16174,no_article_found,
EC,mp,MUSINGUZI PATRICK,MBARARA,KASHARI NORTH COUNTY,NRM,11904,no_article_found,
EC,mp,TUMUSIIME JOHN BOSCO,MBARARA,KASHARI SOUTH COUNTY,NRM,14698,no_article_found,
EC,mp,BAKASHABA CHRISTOPHER,MBARARA CITY,MBARARA NORTH DIVISION,NRM,5478,no_article_found,
EC,mp,MWINE MPAKA RWAMIRAMA,MBARARA CITY,MBARARA SOUTH DIVISION,NRM,26399,has_article,Mwine Mpaka Rwamirama
EC,mp,ATUHWEREIRE ARTHUR KAZOORA,MITOOMA,RUHINDA SOUTH COUNTY,NRM,12163,no_article_found,
EC,mp,OTAFIIRE KAHINDA,MITOOMA,RUHINDA COUNTY,NRM,14374,has_article,Otafiire Kahinda
EC,mp,TAYEBWA THOMAS,MITOOMA,RUHINDA NORTH COUNTY,NRM,106,has_article,Tayebwa Thomas
EC,mp,LUKYAMUZI DAVID KALWANGA,MITYANA,BUSUJJU COUNTY,NUP,12943,has_article,Lukyamuzi David Kalwanga
EC,mp,MAKUMBI HENRY KAMYA,MITYANA,MITYANA COUNTY SOUTH,NRM,8734,no_article_found,
EC,mp,NSEGUMIRE MUHAMAD KIBEDI,MITYANA,MITYANA COUNTY NORTH,NRM,18365,no_article_found,
EC,mp,ZAAKE FRANCIS,MITYANA,MITYANA MUNICIPALITY,NUP,12580,has_article,Zaake Francis
EC,mp,ADOME FRANCIS LORIKA,MOROTO,MOROTO MUNICIPALITY,NRM,2307,no_article_found,
EC,mp,LOKII JOHN BAPTIST,MOROTO,MATHENIKO COUNTY,NRM,8487,has_article,Lokii John Baptist
EC,mp,LOKORU ALBERT,MOROTO,TEPETH COUNTY,INDEPENDENT,4246,no_article_found,
EC,mp,ALERO TOM AZA,MOYO,WEST MOYO COUNTY,NRM,17170,no_article_found,
EC,mp,KYAMBADDE AMELIA ANNE,MPIGI,MAWOKOTA COUNTY NORTH,NRM,27075,has_article,Kyambadde Amelia Anne
EC,mp,NAKAWUKI SUSAN NSAMBU,MPIGI,MAWOKOTA COUNTY SOUTH,NRM,15273,has_article,Nakawuki Susan Nsambu
EC,mp,KABANDA DAVID,MUBENDE,KASAMBYA COUNTY,NRM,38156,has_article,Kabanda David
EC,mp,KAKOOZA JOSEPH,MUBENDE,BUWEKULA COUNTY,NRM,10306,no_article_found,
EC,mp,MUBANGIZI DEDAN,MUBENDE,BUWEKULASOUTH COUNTY,NRM,7908,no_article_found,
EC,mp,NABAWANUKA SUMAYAH,MUBENDE,MUBENDE MUNICIPALITY,NUP,9073,no_article_found,
EC,mp,BAKIREKE NAMBOOZE BETTY,MUKONO,MUKONO MUNICIPALITY,NUP,27070,has_article,Bakireke Nambooze Betty
EC,mp,KIWANUKA ABDALLAH,MUKONO,MUKONO COUNTY NORTH,NUP,15925,no_article_found,
EC,mp,KIWANUKA SULAIMAN,MUKONO,NAKIFUMA COUNTY,NUP,32875,has_article,Kiwanuka Sulaiman
EC,mp,MASERUKAROBERT,MUKONO,MUKONO COUNTY SOUTH,NUP,19621,no_article_found,
EC,mp,ACHIA REMIGIO,NABILATUK,PIAN COUNTY,NRM,9880,has_article,Achia Remigio
EC,mp,LOKORU STEPHENSON YOYO,NAKAPIRIPIRIT,CHEKWII EAST COUNTY,NRM,4539,no_article_found,
EC,mp,LONGOLI SIMON PETER,NAKAPIRIPIRIT,CHEKWII COUNTY (KADAM),NRM,13136,no_article_found,
EC,mp,BASAJJASSUBI NSEREKO CHARLES KAWUMA,NAKASEKE,NAKASEKE SOUTH COUNTY,NRM,30732,no_article_found,
EC,mp,KABUYE KYOFA,NAKASEKE,NAKASEKE CENTRAL COUNTY,NRM,13742,no_article_found,
EC,mp,KYEYUNE IVAN,NAKASONGOLA,NAKASONGOLA COUNTY,NUP,15611,has_article,Kyeyune Ivan
EC,mp,SSEBBUGGA-KIMEZE BERUNADO,NAKASONGOLA,BUDYEBO COUNTY,NRM,13628,no_article_found,
EC,mp,ADIDWA ABDU,NAMAYINGO,BUKOOLI SOUTH COUNTY,INDEPENDENT,8595,no_article_found,
EC,mp,OKEYOH PETER,NAMAYINGO,BUKOOLI ISLAND COUNTY,NRM,7574,no_article_found,
EC,mp,OUMA WILLY,NAMAYINGO,NAMAYINGO SOUTH COUNTY,INDEPENDENT,13934,no_article_found,
EC,mp,MUSILAJOHN,NAMISINDWA,BUBULOEAST COUNTY,NRM,19215,no_article_found,
EC,mp,NANZALAMETRINE,NAMISINDWA,NAMISINDWA COUNTY,NRM,9521,no_article_found,
EC,mp,KAYOGERA YONA,NAMUTUMBA,BUSIKI NORTH COUNTY,INDEPENDENT,5019,has_article,Kayogera Yona
EC,mp,NAMUGANZA PERSIS PRINCESS,NAMUTUMBA,BUKONO COUNTY,INDEPENDENT,15696,has_article,Namuganza Persis Princess
EC,mp,WAISWA JOEL AZALWA,NAMUTUMBA,BUSIKI COUNTY,INDEPENDENT,20065,no_article_found,
EC,mp,ILUKOL EMMANUEL,NAPAK,BOKORA COUNTY,INDEPENDENT,9152,no_article_found,
EC,mp,LOCAP PETERKHEN,NAPAK,BOKORA EAST COUNTY,NRM,8241,no_article_found,
EC,mp,ONGIERTHO EMMANUEL JOR,NEBBI,NEBBI MUNICIPALITY,INDEPENDENT,6042,no_article_found,
EC,mp,OTIMGIW ISAAC ISMAIL,NEBBI,PADYERE COUNTY,NRM,32073,no_article_found,
EC,mp,ACHAYO JULIET LODOU,NGORA,NGORA COUNTY,NRM,15077,no_article_found,
EC,mp,ISAMAT ABRAHAM,NGORA,KAPIR COUNTY,NRM,7046,no_article_found,
EC,mp,RUGUMAYO EDISON,NTOROKO,NTOROKO COUNTY,NRM,17318,no_article_found,
EC,mp,KABASHARIRA NAOME,NTUNGAMO,RUSHENYI COUNTY,NRM,23023,has_article,Kabasharira Naome
EC,mp,KAHIMA MOSES MUGABE,NTUNGAMO,RUHAAMA EAST COUNTY,NRM,44523,no_article_found,
EC,mp,KARUHANGA GERALD KAFUREEKA,NTUNGAMO,NTUNGAMO MUNICIPALITY,INDEPENDENT,3967,no_article_found,
EC,mp,RWAKIMARI BEATRICE,NTUNGAMO,RUHAAMA COUNTY,NRM,30813,has_article,Rwakimari Beatrice
EC,mp,TUKAHIRWA JAMES BYENJERU HUNTER,NTUNGAMO,KAJARA COUNTY,NRM,25129,no_article_found,
EC,mp,OKELLO GEOFFREY CHARLES,NWOYA,NWOYA EAST COUNTY,DP,4249,no_article_found,
EC,mp,OPIYO DENISH GEOFFREY,NWOYA,NWOYA COUNTY,DP,5044,no_article_found,
EC,mp,FUNGAROO KAPS HASSAN,OBONGI,OBONGI COUNTY,FDC,8503,no_article_found,
EC,mp,OJOK ANDREW OULANYAH,OMORO,OMORO COUNTY,NRM,18567,no_article_found,
EC,mp,OKOT PETER,OMORO,TOCHI COUNTY,DP,7841,no_article_found,
EC,mp,ACON JULIUS BUA,OTUKE,OTUKE EAST COUNTY,NRM,9122,no_article_found,
EC,mp,OMARAPAUL,OTUKE,OTUKE COUNTY,NRM,8319,no_article_found,
EC,mp,EUNICE OTUKO APIO,OYAM,OYAM COUNTY NORTH,UPC,30755,has_article,Eunice Otuko Apio
EC,mp,OGWANG PATRICK OBURA,OYAM,OYAM COUNTY SOUTH,NRM,29353,has_article,Ogwang Patrick Obura
EC,mp,KOMAKECH CHRISTOPHER,PADER,ARUU COUNTY,NRM,10455,has_article,Komakech Christopher
EC,mp,OTTOBER WELLBORN ODIYA,PADER,ARUU NORTH COUNTY,NRM,14327,no_article_found,
EC,mp,ALENYO MARSHALL GODFREY,PAKWACH,JONAM COUNTY,INDEPENDENT,23294,no_article_found,
EC,mp,IBASERET JOSEPHINE NKIBS,PALLISA,AGULE COUNTY,NRM,9447,no_article_found,
EC,mp,IBRAHIM IBRAHIM AISU,PALLISA,PALLISA COUNTY,NRM,17609,no_article_found,
EC,mp,ORONE DERRICK,PALLISA,GOGONYO COUNTY,NRM,10807,has_article,Orone Derrick
EC,mp,SSEMWANGA GYAVIIRA,RAKAI,BUYAMBA COUNTY,NRM,21327,no_article_found,
EC,mp,TAYEBWA DIDAS KABUMBUZA,RAKAI,KOOKI COUNTY,NRM,28511,no_article_found,
EC,mp,KABAASABALABA BRUCE,RUBANDA,RUBANDA COUNTY WEST,NRM,26497,no_article_found,
EC,mp,MUSASIZI HENRY ARIGANYIRA,RUBANDA,RUBANDA COUNTY EAST,NRM,20336,has_article,Musasizi Henry Ariganyira
EC,mp,ATWIJUKIRE BOAZ,RUBIRIZI,KATERERA COUNTY,INDEPENDENT,16303,no_article_found,
EC,mp,CADETBENJAMIN,RUBIRIZI,BUNYARUGURU COUNTY,NRM,18203,no_article_found,
EC,mp,KICONCO KATABAAZI PATRICK,RUKIGA,RUKIGA COUNTY,NRM,25629,no_article_found,
EC,mp,MUHWEZI JIM KATUGUGU,RUKUNGIRI,RUJUMBURA COUNTY,NRM,25007,has_article,Muhwezi Jim Katugugu
EC,mp,MWESIGWA MATHIAS,RUKUNGIRI,RUBABO COUNTY,NRM,16102,no_article_found,
EC,mp,TUMUKUNDE HENRY KAKURUGU,RUKUNGIRI,RUKUNGIRI MUNICIPALITY,NRM,7115,no_article_found,
EC,mp,KANKUNDA AMOS KIBWIKA,RWAMPARA,RWAMPARA COUNTY,NRM,15469,no_article_found,
EC,mp,NGABIRANO CHARLES,RWAMPARA,RWAMPARAEAST COUNTY,INDEPENDENT,12022,no_article_found,
EC,mp,EMAJU PETER PAUL,SERERE,KASILO COUNTY,NRM,9183,no_article_found,
EC,mp,OJIIT PETER,SERERE,PINGIRE COUNTY,INDEPENDENT,8058,no_article_found,
EC,mp,OMODING EMMANUEL,SERERE,SERERE COUNTY,NRM,26353,no_article_found,
EC,mp,KAMUNTU EPHRAIMU,SHEEMA,SHEEMA COUNTY SOUTH,NRM,15337,no_article_found,
EC,mp,KATESHUMBWA DICKSONS,SHEEMA,SHEEMA MUNICIPALITY,NRM,19202,no_article_found,
EC,mp,TUMWESIGYE ELIODA,SHEEMA,SHEEMA COUNTY NORTH,NRM,17506,has_article,Tumwesigye Elioda
EC,mp,NAKIYI JULIUS MUNTU,SIRONKO,BUDADIRI COUNTY EAST,NRM,21017,no_article_found,
EC,mp,WANYOTO GODFREY,SIRONKO,BUDADIRI COUNTY WEST,INDEPENDENT,18022,no_article_found,
EC,mp,AEKU PATRICK,SOROTI,SOROTI COUNTY,NRM,9747,no_article_found,
EC,mp,ARIKO HERBERT EDMUND OKWORO,SOROTI,GWERI COUNTY,NRM,11862,no_article_found,
EC,mp,EDOPU PETER EDEKU,SOROTI,DAKABELA COUNTY,NRM,9588,no_article_found,
EC,mp,ATTAN OKIA MOSES,SOROTI CITY,SOROTI EAST COUNTY,FDC,7682,no_article_found,
EC,mp,ECHODU DAVID CALVIN,SOROTI CITY,SOROTI WEST COUNTY,NRM,7931,has_article,Echodu David Calvin
EC,mp,AINE GODFREY KAGUTA,SSEMBABULE,MAWOGOLANORTH COUNTY,NRM,15923,no_article_found,
EC,mp,ANIFA BANGIRANA,SSEMBABULE,MAWOGOLAWEST COUNTY,NRM,18116,has_article,Anifa Bangirana
EC,mp,BYUMA OSWALD DEZ,SSEMBABULE,MAWOGOLA COUNTY,NRM,25781,no_article_found,
EC,mp,RWASHANDE EMMANUEL,SSEMBABULE,LWEMIYAGA COUNTY,NRM,30285,no_article_found,
EC,mp,BABANGA WILFRED ERIMA,TEREGO,TEREGO EAST COUNTY,NRM,17643,no_article_found,
EC,mp,DRAMVIKU ERIC SABITI,TEREGO,TEREGO WEST COUNTY,NRM,7057,no_article_found,
EC,mp,ANGURAFREDRICK,TORORO,TORORO SOUTH COUNTY,NRM,20311,no_article_found,
EC,mp,OBOTH MARKSONS JACOB,TORORO,WEST BUDAMA CENTRAL COUNTY,NRM,25503,has_article,Oboth Marksons Jacob
EC,mp,OCHAI MAXIMUS,TORORO,WEST BUDAMA COUNTY NORTH,NRM,12259,no_article_found,
EC,mp,OKETCHO GEORGE,TORORO,WEST BUDAMA COUNTY SOUTH,NRM,12050,no_article_found,
EC,mp,OWERE RICHARD MACHIKA,TORORO,WEST BUDAMA NORTH EAST COUNTY,NRM,12042,no_article_found,
EC,mp,OWINO NICHOLAS SIMON,TORORO,TORORO NORTH COUNTY,NRM,14321,no_article_found,
EC,mp,SHYAM JAY TANNA,TORORO,TORORO MUNICIPALITY,INDEPENDENT,5781,no_article_found,
EC,mp,GASHAIJASHYAKA STEVEN,WAKISO,ENTEBBE MUNICIPALITY,NRM,12124,no_article_found,
EC,mp,KENAN OPIO,WAKISO,BUSIRO COUNTY SOUTH,NRM,36494,no_article_found,
EC,mp,MATOVU EMMANUEL MAGOOLA,WAKISO,BUSIRO COUNTY EAST,INDEPENDENT,45625,no_article_found,
EC,mp,MAYANJAMOSES,WAKISO,BUSIRO COUNTY NORTH,NRM,19444,no_article_found,
EC,mp,MUSISI GEORGE,WAKISO,KIRA MUNICIPALITY,NUP,24848,no_article_found,
EC,mp,NKUNYINGI MUWADA,WAKISO,KYADONDO COUNTY EAST,NUP,14864,has_article,Nkunyingi Muwada
EC,mp,SSERUKENYA DAVID,WAKISO,MAKINDYE-SSABAGABO MUNICIPALITY,NUP,28733,no_article_found,
EC,mp,ZAMBAALI BULASIO MUKASA,WAKISO,NANSANA MUNICIPALITY,NUP,51052,has_article,Zambaali Bulasio Mukasa
EC,mp,ALIONI YORKE ODRIA,YUMBE,ARINGA SOUTH COUNTY,NRM,13679,no_article_found,
EC,mp,EZAMA SIRAJI BRAHAN,YUMBE,ARINGA COUNTY,NRM,6541,no_article_found,
EC,mp,KARIM MUSA,YUMBE,ARINGA NORTH COUNTY,INDEPENDENT,12360,no_article_found,
EC,mp,OLERU HUDA ABASON,YUMBE,ARINGA EAST COUNTY,NRM,8793,has_article,Oleru Huda Abason
EC,mp,BIYIKALAWRENCE SONGA,ZOMBO,ORA COUNTY,INDEPENDENT,14559,no_article_found,
EC,mp,OKUMU GABRIEL,ZOMBO,OKORO COUNTY,NRM,18556,no_article_found,
