qitem,label,sitelink_count,occupation_qid,en_title,views,occupation,in_lgwiki
Q9682,Elizabeth II,255,Q116,Elizabeth II,3445552,monarch,False
Q10853588,,192,Q36180,Kamala Harris,897933,writer,False
Q106406402,Whitney Peak,22,Q10800557,Whitney Peak (actress),200032,film actor,True
Q61989847,Sheila Atim,16,Q33999,Sheila Atim,95196,actor,False
Q117456750,Mariam Nabatanzi,6,Q55187,Mariam Nabatanzi,69043,hairdresser,True
Q20179441,Sarah Kyolaba,9,Q55187,Sarah Kyolaba,64178,hairdresser,True
Q1243586,Dora Bloch,5,,Murder of Dora Bloch,59236,,False
Q46795,Wangari Muta Maathai,125,Q37226,Wangarĩ Maathai,59142,teacher,False
Q6153522,Janet Kataaha Museveni,17,Q82955,Janet Museveni,50946,politician,True
Q60467181,Among Anita Annet,12,Q40348,Anita Among,38854,lawyer,True
Q1429374,Florence Kasumba,32,Q33999,Florence Kasumba,32594,actor,True
Q8049825,Yasmin Alibhai-Brown,13,Q36180,Yasmin Alibhai-Brown,29021,writer,True
Q49493702,Zari Hassan,6,Q43845,Zari Hassan,28379,businessperson,True
Q6187078,Alupo Jessica Rose Epel,15,Q37226,Jessica Alupo,26909,teacher,True
Q62481397,Nabbanja Robinah,32,Q37226,Robinah Nabbanja,26855,teacher,True
Q105903578,Helen Nakimuli,8,Q82955,Helen Nakimuli,24501,politician,True
Q1331145,Elizabeth Nyabongo,18,Q40348,Princess Elizabeth of Tooro,23868,lawyer,True
Q96758100,Salma Lakhani,9,Q43845,Salma Lakhani,20463,businessperson,False
Q3658171,Phiona Mutesi,23,Q10873124,Phiona Mutesi,18888,chess player,True
Q87019,Brigitte Kuhlmann,9,Q11499147,Brigitte Kuhlmann,16470,political activist,False
Q24250414,Esteri Tebandeke,12,Q33999,Esteri Tebandeke,14070,actor,True
Q923489,Credonia Mwerinde,7,Q15995642,Credonia Mwerinde,12093,religious leader,True
Q242051,Irshad Manji,39,Q36180,Irshad Manji,11854,writer,True
Q58304913,Shafiq Zia,6,Q5453140,Shafiq Zia,11614,First Lady of Pakistan,True
Q1711917,Julia Sebutinde,19,Q16533,Julia Sebutinde,10564,judge,True
Q431624,Miria Obote,13,Q82955,Miria Obote,10484,politician,True
Q1026465,Kadaga Rebecca Alitwala,27,Q40348,Rebecca Kadaga,10265,lawyer,True
Q24872105,Sheebah Karungi,9,Q33999,Sheebah Karungi,10186,actor,True
Q6873258,Miria Matembe,11,Q16533,Miria Matembe,10120,judge,True
Q20684444,Aamito Lagum,9,Q33999,Aamito Lagum,9343,actor,True
Q111530547,Nyamutoro Phiona,7,Q82955,Phiona Nyamutoro,9099,politician,True
Q5434722,Farah Damji,7,Q36180,Farah Damji,8697,writer,True
Q21759,Winnie Byanyima,28,Q81096,Winnie Byanyima,7997,engineer,True
Q3295164,Martha Karua,18,Q82955,Martha Karua,7628,politician,False
Q24572616,Aceng Jane Ruth Ocero,14,Q82955,Jane Aceng,7280,politician,True
Q539807,Juliana Kanyomozi,16,Q177220,Juliana Kanyomozi,6686,singer,True
Q115110885,Rebecca Cheptegei,32,Q4439155,Rebecca Cheptegei,6419,long-distance runner,True
Q50413578,Lydia Mugambe,8,Q16533,Lydia Mugambe,6372,judge,True
Q455244,Alice Auma Lakwena,16,Q82955,Alice Auma,5848,politician,True
Q1027090,Betty Okino,17,Q33999,Betty Okino,5777,actor,True
Q47359700,Spice Diana,7,Q639669,Spice Diana,5769,musician,True
Q18719341,Cindy Sanyu,9,Q33999,Cindy Sanyu,5097,actor,True
Q1793381,"Shriti Vadera, Baroness Vadera",11,Q82955,"Shriti Vadera, Baroness Vadera",5044,politician,True
Q24577229,Madina Nalwanga,14,Q33999,Madina Nalwanga,5036,actor,True
Q83614709,Vanessa Nakate,41,Q12362622,Vanessa Nakate,5016,philanthropist,True
Q7042468,Njoki Susanna Ndung'u,9,Q16533,Njoki Susanna Ndung'u,4971,judge,False
Q18637131,Anne Kansiime,9,Q33999,Anne Kansiime,4848,actor,True
Q54233287,Agnes Nandutu,7,Q82955,Agnes Nandutu,4262,politician,True
Q6318370,Lumumba Justine Kasule,9,Q82955,Justine Lumumba Kasule,4214,politician,True
Q24565855,Monica Azuba Ntege,10,Q81096,Monica Azuba Ntege,4142,engineer,True
Q29390046,Stella Nyanzi,13,Q1476215,Stella Nyanzi,3482,human rights defender,True
Q16935180,Rema Namakula,9,Q177220,Rema Namakula,3478,singer,True
Q4742276,Kyambadde Amelia Anne,14,Q43845,Amelia Kyambadde,3402,businessperson,True
Q19609598,Evelyn Anite,8,Q82955,Evelyn Anite,3276,politician,True
Q16886393,Anne Waiguru,8,Q82955,Anne Waiguru,3275,politician,False
Q105965226,Shartsi Musherure Kuteesa,5,Q82955,Shartsi Kutesa Musherure,3235,politician,True
Q26838082,Peruth Chemutai,36,Q384593,Peruth Chemutai,3233,police officer,True
Q544606,Specioza Kazibwe,21,Q82955,Specioza Kazibwe,3194,politician,True
Q18764172,Judith Babirye,7,Q82955,Judith Babirye,3186,politician,True
Q24572733,Namuganza Persis Princess,7,Q82955,Persis Namuganza,3055,politician,True
Q123986370,Susan Nsibirwa,6,Q2961975,Susan Nsibirwa,2905,business executive,True
Q118358888,Agather Atuhaire,10,Q40348,Agather Atuhaire,2830,lawyer,True
Q37994847,Nancy Kacungira,5,Q1930187,Nancy Kacungira,2807,journalist,True
Q98733574,Musenero Monica Masanza,6,Q82955,Monica Musenero,2796,politician,True
Q7383142,Ruth Nankabirwa,6,Q82955,Ruth Nankabirwa,2769,politician,True
Q24572619,Betty Amongi,12,Q82955,Betty Amongi,2739,politician,True
Q42563115,Lydia Jazmine,5,Q177220,Lydia Jazmine,2682,singer,True
Q7959854,Rosemary Wahu Kagwi,8,Q33999,Wahu,2661,actor,False
Q19668159,Flavia Tumusiime,10,Q33999,Flavia Tumusiime,2636,actor,True
Q16876017,Jennifer Nasubuga Makumbi,11,Q36180,Jennifer Nansubuga Makumbi,2583,writer,True
Q22007122,Bakireke Nambooze Betty,11,Q40348,Betty Nambooze,2568,lawyer,True
Q111530519,Priscilla Zawedde (Azawi),5,Q639669,Azawi,2559,musician,True
Q7661016,Sylvia Tamale,20,Q36180,Sylvia Tamale,2558,writer,True
Q7270525,Sylvia of Buganda,6,Q116,Sylvia Nagginda Luswata,2493,monarch,True
Q21032193,Wanyoto Lydia Mutende,10,Q40348,Lydia Wanyoto,2428,lawyer,True
Q4731734,Allen Kagina,8,Q599151,Allen Kagina,2396,official,True
Q52615829,Nabakooba Judith Nalule,7,Q82955,Judith Nabakooba,2367,politician,True
Q18393211,Tabitha Karanja,12,Q43845,Tabitha Karanja,2318,businessperson,False
Q4795033,Gladys Kalema-Zikusoka,23,Q202883,Gladys Kalema-Zikusoka,2316,veterinarian,True
Q6702541,Nakadama Rukia Isanga,9,Q82955,Lukia Isanga Nakadama,2244,politician,True
Q4793893,Maggie Kigozi,12,Q39631,Maggie Kigozi,2154,physician,True
Q42820085,Adeke Anna Ebaju,9,Q40348,Anna Ebaju Adeke,2066,lawyer,True
Q27690245,Diana Atwine,5,Q39631,Diana Atwine,2059,physician,True
Q7933251,Violet Kajubiri,7,Q4175034,Violet Kajubiri,2019,legislator,True
Q4696656,Aidah Nantaba,5,Q43845,Idah Nantaba,1992,businessperson,True
Q6178659,Jennifer Musisi,6,Q40348,Jennifer Musisi,1971,lawyer,True
Q109974085,Babirye Milly Babalanda,6,Q82955,Milly Babalanda,1893,politician,True
Q110978835,Fauzia Najjemba,6,Q937857,Fauzia Najjemba,1863,association football player,True
Q6075178,Iryn Namubiru,6,Q177220,Iryn Namubiru,1806,singer,True
Q16214164,Sabina Wanjiru Chege,9,Q82955,Sabina Chege,1805,politician,False
Q3815047,Kiara Kabukuru,7,Q4610556,Kiara Kabukuru,1790,model,True
Q38525495,Clare Akamanzi,13,Q43845,Claire Akamanzi,1736,businessperson,False
Q16194602,Razia Iqbal,7,Q1930187,Razia Iqbal,1719,journalist,True
Q4859206,Barbara Oundo Nekesa,8,Q82955,Barbara Nekesa Oundo,1705,politician,True
Q26923586,Alice Wahome,6,Q40348,Alice Wahome,1701,lawyer,False
Q13125467,Aloisea Inyumba,12,Q82955,Aloisea Inyumba,1665,politician,True
Q105965184,Gorreth Namugga,5,Q82955,Gorreth Namugga,1610,politician,True
Q19668599,Beti Kamya-Turwomwe,9,Q82955,Beti Kamya,1569,politician,True
Q58041073,Anyakun Esther Davinia,6,Q82955,Davinia Esther Anyakun,1555,politician,True
Q19667316,Rachael Magoola,6,Q82955,Rachael Magoola,1528,politician,True
Q2605033,Betty Oyella Bigombe,8,Q82955,Betty Oyella Bigombe,1510,politician,True
Q43817461,Edith Nakalema,5,Q47064,Edith Nakalema,1507,military personnel,True
Q19898617,Susie Tharu,10,Q3400985,Susie Tharu,1497,academic,False
Q42664267,Winnie Kiiza,6,Q80687,Winnie Kiiza,1483,secretary,True
Q96362788,Dorothy Kisaka,8,Q40348,Dorothy Kisaka,1460,lawyer,True
Q45354341,Kemiyondo Coutinho,6,Q33999,Kemiyondo Coutinho,1429,actor,True
Q263372,Dorcus Inzikuru,22,Q4439155,Dorcus Inzikuru,1398,long-distance runner,True
Q16213674,Mariam Ndagire,11,Q28389,Mariam Ndagire,1393,screenwriter,True
Q26702189,Nana Kagga,19,Q28389,Nana Kagga,1381,screenwriter,True
Q26705067,Halimah Nakaayi,26,Q13381753,Halimah Nakaayi,1376,middle-distance runner,True
Q105951053,Sarah Mateke Nyirabashitsi,7,Q82955,Sarah Mateke Nyirabashitsi,1312,politician,True
Q42806525,Ingrid Turinawe,5,Q82955,Ingrid Turinawe,1308,politician,True
Q19766057,Joan Kagezi,5,Q40348,Joan Kagezi,1279,lawyer,True
Q6961899,Namirembe Bitamazire,9,Q82955,Namirembe Bitamazire,1273,politician,True
Q18719438,Grace Nakimera,8,Q36834,Grace Nakimera,1214,composer,True
Q14734444,Solomy Balungi Bossa,11,Q16533,Solome Bossa,1206,judge,True
Q16148118,Grace Akallo,10,Q1476215,Grace Akallo,1188,human rights defender,True
Q43387704,Leilah Babirye,7,Q1281618,Leilah Babirye,1178,sculptor,True
Q18719488,Irene Ntale,8,Q177220,Irene Ntale,1176,singer,True
Q6761316,Maria Kiwanuka,12,Q43845,Maria Kiwanuka,1168,businessperson,True
Q88676023,Leah Namugerwa,21,Q61048378,Leah Namugerwa,1102,climate activist,True
Q18392310,Geraldine Ssali Busuulwa,5,Q170790,Geraldine Ssali Busuulwa,1087,mathematician,True
Q4716143,Alengot Oromait,8,Q82955,Alengot Oromait,1085,politician,True
Q47494842,Jayne Njeri Wanjiru Kihara,5,Q82955,Jayne Kihara,1076,politician,False
Q16855989,Barbara Kimenye,9,Q36180,Barbara Kimenye,1070,writer,True
Q105759549,Akello Beatrice Akori,6,Q82955,Beatrice Akello Akori,1070,politician,True
Q17580348,Mary Okwakol,10,Q350979,Mary Okwakol,1064,zoologist,True
Q43290694,Anita Beryl,6,Q3501317,Anita Beryl,1056,fashion designer,True
Q21285400,Mumbi Maina,9,Q33999,Mumbi Maina,1037,actor,False
Q460865,Kasha Nabagesera,20,Q326653,Kasha Nabagesera,1033,accountant,True
Q22278491,Laura Kahunde,8,Q33999,Laura Kahunde,1028,actor,True
Q6297101,Joy Doreen Biira,7,Q1930187,Joy Doreen Biira,1026,journalist,True
Q7659743,Syda Bbumba,9,Q82955,Syda Bbumba,1005,politician,True
Q6779980,Mary Karooro Okurut,10,Q36180,Mary Karooro Okurut,982,writer,True
Q18687836,Jessica Horn,11,Q36180,Jessica Horn,978,writer,True
Q43885547,Catherine Nyongesa,5,Q39631,Catherine Nyongesa,972,physician,False
Q29440061,Anita Fabiola,6,Q33999,Anita Fabiola,969,actor,True
Q105890715,Esther Afoyochan,8,Q82955,Esther Afoyochan,950,politician,True
Q18686131,Fille Mutoni,5,Q177220,Fille Mutoni,950,singer,True
Q100801324,Julie Mutesasira,6,Q177220,Julie Mutesasira,947,singer,True
Q62564573,Eleanor Nabwiso,6,Q33999,Eleanor Nabwiso,929,actor,True
Q19666615,Lilian Mbabazi,7,Q177220,Lillian Mbabazi,916,singer,True
Q105883547,Victoria Rusoke Businge,5,Q37226,Victoria Rusoke Businge,916,teacher,True
Q24572738,Mary Goretti Kitutu,8,Q82955,Mary Goretti Kitutu,902,politician,True
Q79394836,Theresa Musoke,6,Q1028181,Theresa Musoke,886,painter,True
Q49549938,Juliane Okot Bitek,7,Q36180,Otoniya J. Okot Bitek,880,writer,True
Q90916518,Sekindi Aisha,6,Q37226,Aisha Sekindi,880,teacher,True
Q4877118,Atim Beatrice Anywar,9,Q82955,Beatrice Atim Anywar,875,politician,True
Q104119284,Mercy Kainobwisho,5,Q40348,Mercy Kainobwisho,866,lawyer,True
Q6343791,Kabakumba Masiko,8,Q82955,Kabakumba Masiko,864,politician,True
Q96678402,Joyce Bagala,6,Q82955,Joyce Bagala,845,politician,True
Q56063014,Angela Kalule,6,Q177220,Angela Kalule,844,singer,True
Q60615160,Fadilah Mohamed Rafi,10,Q13141064,Fadilah Mohamed Rafi,842,badminton player,True
Q19276819,Cecilia Ogwal,9,Q43845,Cecilia Ogwal,825,businessperson,True
Q50379529,Rhoda Kalema,8,Q82955,Rhoda Kalema,813,politician,True
Q24572655,Joyce Moriku,8,Q39631,Joyce Moriku,805,physician,True
Q43197930,Sophia Namutebi,6,Q43845,Sophia Namutebi,803,businessperson,True
Q18688038,Joanita Kawalya,5,Q639669,Joanita Kawalya,786,musician,True
Q19668732,Sylvia Owori,7,Q3501317,Sylvia Owori,781,fashion designer,True
Q49253,Irene Muloni,12,Q81096,Irene Muloni,780,engineer,True
Q18352352,Doris Akol,7,Q40348,Doris Akol,764,lawyer,True
Q24668795,Peace Mutuuzo,6,Q82955,Peace Mutuuzo,764,politician,True
Q106691310,Juliet Nalukenge,5,Q937857,Juliet Nalukenge,762,association football player,True
Q111577318,Rumina Velshi,5,Q7888586,Rumina Velshi,755,chemical engineer,True
Q7367874,Rose Namayanja,9,Q36180,Rose Namayanja,745,writer,True
Q58099869,Bettinah Tianah,8,Q33999,Bettinah Tianah,740,actor,True
Q88644581,Emily Nakalema,7,Q937857,Emily Nakalema,735,association football player,True
Q99361654,Catherine Nakalembe,10,Q901,Catherine Nakalembe,730,scientist,True
Q55583703,Joyce Mpanga,11,Q82955,Joyce Mpanga,729,politician,True
Q28858649,Victoria Kawesa,10,Q82955,Victoria Kawesa,729,politician,False
Q24572753,Rosemary Seninde,7,Q82955,Rosemary Seninde,725,politician,True
Q5064251,Cerinah Nebanda,7,Q82955,Cerinah Nebanda,717,politician,True
Q105906548,Naluyima Betty Ethel,5,Q82955,Betty Ethel Naluyima,716,politician,True
Q105904398,Chemutai Phyllis,6,Q82955,Phyllis Chemutai,715,politician,True
Q5586186,Goretti Kyomuhendo,12,Q6625963,Goretti Kyomuhendo,698,novelist,True
Q111180875,Mugasa Grace Mary,5,Q82955,Grace Mary Mugasa,693,politician,True
Q56043365,Aol Betty Ocan,6,Q37226,Betty Aol Ochan,687,teacher,True
Q109422654,Gloria Nansubuga,5,Q10873124,Gloria Nansubuga,686,chess player,True
Q43375707,Akello Lucy,9,Q82955,Lucy Akello,682,politician,True
Q105839655,Rwakoojo Robina Gureme,7,Q82955,Robina Gureme Rwakoojo,674,politician,True
Q7070387,Nusura Tiperu,7,Q82955,Nusura Tiperu,674,politician,True
Q24572671,Ntabazi Harriet,6,Q82955,Harriet Ntabazi,674,politician,True
Q57825198,Adoa Hellen Abeku,7,Q37226,Hellen Adoa,660,teacher,True
Q58042684,Veronica Babirye Kadogo,7,Q82955,Veronica Kadogo,660,politician,True
Q22958193,Wendy Kimani,10,Q33999,Wendy Kimani,658,actor,False
Q4286483,Dora Mwima,9,Q18581305,Dora Mwima,649,beauty pageant contestant,True
Q125053476,Gloria Muzito,6,Q10843402,Gloria Muzito,648,swimmer,True
Q58883876,Akite Agnes,7,Q33999,Akite Agnes,637,actor,True
Q57828565,Ababiku Jesca,12,Q37226,Jesca Ababiku,635,teacher,True
Q55984275,Malaika,7,Q33999,Malaika (actress),631,actor,True
Q24572620,Florence Nakiwala Kiyingi,7,Q43845,Florence Nakiwala Kiyingi,627,businessperson,True
Q4937331,Doreen Baingana,12,Q36180,Doreen Baingana,619,writer,True
Q4936361,Monica Arac de Nyeko,14,Q36180,Monica Arac de Nyeko,607,writer,True
Q2416628,Thelma Awori,10,Q82955,Thelma Awori,595,politician,True
Q42571276,Gita Ramjee,19,Q1622272,Gita Ramjee,584,university teacher,False
Q16846976,Natasha Sinayobye,10,Q33999,Natasha Sinayobye,579,actor,True
Q47805453,Catherine Kyobutungi,8,Q1650915,Catherine Kyobutungi,577,researcher,True
Q105951153,Taban Aate Sharifah,7,Q82955,Taban Sharifah Aate,577,politician,True
Q27688647,Nabilah Naggayi Sempala,6,Q82955,Nabilah Naggayi Sempala,577,politician,True
Q62323991,Edith Mary Bataringaya,6,Q82955,Edith Mary Bataringaya,574,politician,True
Q34949766,Esther Chebet,10,Q11513337,Esther Chebet,563,athletics competitor,True
Q105942809,Obigah Rose,6,Q82955,Rose Obinga,559,politician,True
Q19609590,Harriet Anena,13,Q36180,Harriet Anena,558,writer,True
Q6760048,Margaret Zziwa,8,Q82955,Margaret Zziwa,558,politician,True
Q147957,Zarina Bhimji,12,Q33231,Zarina Bhimji,555,photographer,True
Q105950862,Christine Nakimwero Kaaya,5,Q82955,Christine Nakimwero Kaaya,555,politician,True
Q109920237,Shakila Rahim Lamar,5,Q2961975,Shakila Rahim Lamar,551,business executive,True
Q16200545,Jennifer Namuyangu,7,Q82955,Jenipher Namuyangu,548,politician,True
Q72408609,Hilda Flavia Nakabuye,15,Q15253558,Hilda Flavia Nakabuye,543,activist,True
Q18001471,Joy Kwesiga,7,Q3400985,Joy Kwesiga,543,academic,True
Q58030252,Julianne Mweheire,7,Q326653,Julianne Mweheire,539,accountant,True
Q105956330,Auma Linda Agnes,6,Q82955,Linda Agnes Auma,534,politician,True
Q105942528,Akello Rose Lilly,5,Q37226,Rose Lilly Akello,527,teacher,True
Q42346183,Doreen Mirembe,10,Q28389,Doreen Mirembe,524,screenwriter,True
Q6150822,Janat Mukwaya,8,Q82955,Janat Mukwaya,522,politician,True
Q18386326,Pamela Mbabazi,5,Q188094,Pamela Mbabazi,516,economist,True
Q43299945,Patricia Akello,7,Q4610556,Patricia Akello,515,model,True
Q20985719,Rose Rwakasisi,6,Q4853732,Rose Rwakasisi,515,children's writer,True
Q60566718,Lilly Ajarova,8,Q2961975,Lilly Ajarova,514,business executive,True
Q106368301,Florence Namayanja,5,Q82955,Florence Namayanja,509,politician,True
Q60059435,Lorna Magara,6,Q974144,Lorna Magara,508,educator,True
Q40229556,Leni Shida,10,Q4009406,Leni Shida,507,sprinter,True
Q6761446,Maria Mutagamba,12,Q82955,Maria Mutagamba,503,politician,True
Q106690864,Sandra Nabweteme,6,Q937857,Sandra Nabweteme,498,association football player,True
Q48220130,Monica Mugenyi,6,Q16533,Monica Mugenyi,494,judge,True
Q17379677,Winnie Nanyondo,12,Q13381753,Winnie Nanyondo,490,middle-distance runner,True
Q28036183,Rehema Nanfuka,14,Q28389,Rehema Nanfuka,487,screenwriter,True
Q61473228,Santa Anzo,12,Q3501317,Santa Anzo,478,fashion designer,True
Q26611955,Stella Chesang,11,Q11513337,Stella Chesang,477,athletics competitor,True
Q5590968,Grace Akello,20,Q36180,Grace Akello,475,writer,True
Q42679907,Barbara Kaija,9,Q1930187,Barbara Kaija,475,journalist,True
Q42529036,Barbara Mulwana,9,Q81096,Barbara Mulwana,471,engineer,True
Q98502288,Emma Naluyima,6,Q43845,Emma Naluyima,471,businessperson,True
Q111180208,Alice Alaso,5,Q37226,Alice Alaso,468,teacher,True
Q3162261,Jaqee,5,Q36834,Jaqee,468,composer,False
Q7648225,Susan Nalugwa Kiguli,7,Q36180,Susan Nalugwa Kiguli,466,writer,True
Q50379531,Sarah Nyendwoha Ntiro,7,Q3400985,Sarah Nyendwoha Ntiro,463,academic,True
Q117085800,Gertrude Njuba,5,Q82955,Gertrude Njuba,457,politician,True
Q39183854,Lillian Tibatemwa-Ekirikubinza,9,Q16533,Lillian Tibatemwa-Ekirikubinza,453,judge,True
Q125750508,Namutaawe Joan,8,Q82955,Joan Namutaawe,453,politician,True
Q55080773,Carolyne Wanjiku Tharau,6,Q33999,Wanjiku the Teacher,445,actor,False
Q35498279,Mercyline Chelangat,8,Q11513337,Mercyline Chelangat,444,athletics competitor,True
Q450406,China Keitetsi,11,Q36180,China Keitetsi,438,writer,True
Q22007123,Josephine Nambooze,13,Q39631,Josephine Nambooze,436,physician,True
Q28478241,Ivy Claire Amoko,6,Q10873124,Ivy Claire Amoko,434,chess player,True
Q24572730,Ruth Achieng,6,Q82955,Ruth Achieng,433,politician,True
Q111333319,Aisha Kabanda,5,Q82955,Aisha Kabanda,429,politician,True
Q111732768,Acaye Kerunen,5,Q33999,Acaye Kerunen,424,actor,True
Q109105744,Barbara Allimadi,6,Q1476215,Barbara Allimadi,422,human rights defender,True
Q67501169,Lamwaka Catherine,6,Q82955,Catherine Lamwaka,410,politician,True
Q105945785,Stella Isodo Apolot,7,Q82955,Stella Isodo Apolot,409,politician,True
Q17748538,Amina Sewali,7,Q28389,Amina Sewali,409,screenwriter,False
Q7927031,Victoria Sekitoleko,6,Q82955,Victoria Sekitoleko,408,politician,True
Q125218089,Joy Cheptoyek,6,Q4439155,Joy Cheptoyek,407,long-distance runner,True
Q42764305,Agnes Konde,6,Q2961975,Agnes Konde,406,business executive,True
Q106421070,Hellen Auma Wandera,6,Q82955,Hellen Auma Wandera,404,politician,True
Q81306294,Ruth Sebatindira,6,Q40348,Ruth Sebatindira,403,lawyer,True
Q124670567,Melissa Akullu,6,Q3665646,Melissa Akullu,402,basketball player,True
Q21505670,Rose Akol,10,Q82955,Rose Akol,399,politician,True
Q19667552,Annet Nakawunde Mulindwa,8,Q806798,Annet Nakawunde Mulindwa,399,banker,True
Q28038580,Sarah Kisawuzi,7,Q33999,Sarah Kisawuzi,397,actor,True
Q20684950,Florence Nebanda,5,Q82955,Florence Nebanda,393,politician,True
Q30070354,Mariam Naigaga,5,Q82955,Mariam Naigaga,393,politician,True
Q26211942,Catherine Odora Hoppers,6,Q1650915,Catherine Odora Hoppers,392,researcher,True
Q107643387,Kirabo Namutebi,5,Q10843402,Kirabo Namutebi,392,swimmer,True
Q47269451,Irene Mulyagonja,5,Q16533,Irene Mulyagonja,392,judge,True
Q16187230,Hope Mwesigye,7,Q40348,Hope Mwesigye,391,lawyer,True
Q42872836,Florence Muranga,6,Q1622272,Florence Muranga,391,university teacher,True
Q42794695,Angela Atim Lakor,5,Q15253558,Angela Atim Lakor,390,activist,True
Q41768539,Agnes Atim Apea,14,Q2961975,Agnes Atim Apea,389,business executive,True
Q55584067,Sylvia Rwabogo,8,Q82955,Sylvia Rwabogo,389,politician,True
Q434560,Christine Magnusson,11,Q13141064,Christine Magnusson,387,badminton player,False
Q53583119,Lillian Mary Nabulime,6,Q974144,Lillian Mary Nabulime,387,educator,True
Q4937658,Mildred Barya,9,Q36180,Mildred Barya,386,writer,True
Q43143394,Zahara Nampewo,8,Q40348,Zahara Nampewo,384,lawyer,True
Q5111140,Christine Ondoa,8,Q82955,Christine Ondoa,382,politician,True
Q24288578,Josephine Wapakabulo,6,Q901,Josephine Wapakabulo,380,scientist,True
Q111914231,Anita Pendo,8,Q1930187,Anita Pendo,379,journalist,False
Q16194600,Dorothy Samali Hyuha,8,Q82955,Dorothy Hyuha,376,politician,True
Q17580316,Charity Basaza Mulenga,8,Q1326886,Charity Basaza Mulenga,375,electrical engineer,True
Q28973016,Betty Lalam,10,Q37226,Betty Lalam,373,teacher,True
Q4357107,Judith Ayaa,6,Q4009406,Judith Ayaa,370,sprinter,False
Q5111001,Christine Dranzoa,8,Q350979,Christine Dranzoa,367,zoologist,True
Q5567335,Glaydah Namukasa,6,Q185196,Glaydah Namukasa,366,midwife,True
Q28852625,Rose Mbowa,13,Q33999,Rose Mbowa,362,actor,True
Q111418786,Grace Kaudha,6,Q82955,Grace Kaudha,362,politician,True
Q86084609,Victoria Nyanjura,6,Q1476215,Victoria Nyanjura,361,human rights defender,True
Q16730835,Joyce Kakuramatsi Kikafunda,6,Q1622272,Joyce Kakuramatsi Kikafunda,353,university teacher,True
Q40800312,Ziria Tibalwa Waako,5,Q1326886,Ziria Tibalwa Waako,352,electrical engineer,True
Q24572633,Esther Mbulakubuza Mbayo,7,Q82955,Esther Mbulakubuza Mbayo,351,politician,True
Q59654484,Hope Ekudu,6,Q806798,Hope Ekudu,350,banker,True
Q76790372,Milka Irene,6,Q33999,Milka Irene,350,actor,True
Q61875364,Stella Nansikombi Makubuya,8,Q40348,Stella Nansikombi Makubuya,346,lawyer,True
Q64446013,Sarah Chelangat,6,Q11513337,Sarah Chelangat,346,athletics competitor,True
Q105965987,Abeja Susan Jolly,8,Q82955,Susan Jolly Abeja,343,politician,True
Q15462700,Elvania Namukwaya Zirimu,6,Q36180,Elvania Namukwaya Zirimu,340,writer,True
Q24852059,Clare Byarugaba,10,Q19509201,Clare Byarugaba,339,LGBTQ rights activist,True
Q62112360,Rachael Kungu,7,Q130857,Rachael Kungu,339,disc jockey,True
Q50146409,Florence Alice Lubega,11,Q82955,Florence Alice Lubega,338,politician,True
Q25051158,Edith Sempala,8,Q193391,Edith Sempala,338,diplomat,True
Q18749082,Harriet Mayanja-Kizza,6,Q39631,Harriet Mayanja-Kizza,336,physician,True
Q7301855,Rebecca Otengo Amuge,7,Q82955,Rebecca Amuge Otengo,330,politician,True
Q105956270,Acora Nancy Odonga,6,Q82955,Nancy Acora,325,politician,True
Q42754393,Cissy Kityo,5,Q39631,Cissy Kityo,324,physician,True
Q67080123,Everlyn Chemutai,7,Q82955,Everlyn Chemutai,316,politician,True
Q105965895,Santa Okot,5,Q82955,Santa Okot,313,politician,True
Q4762752,Angelina Wapakhabulo,11,Q193391,Angelina Wapakhabulo,312,diplomat,True
Q60169391,Sala Senkayi,6,Q901,Sala Senkayi,312,scientist,False
Q258576,Sylvia Jebiwott Kibet,26,Q4439155,Sylvia Jebiwot Kibet,306,long-distance runner,False
Q62716814,Lydia Oile,7,Q484876,Lydia Oile,303,chief executive officer,True
Q105962114,Prossy Akampurira,8,Q37226,Prossy Akampurira,302,teacher,True
Q16731505,Lillian Tindyebwa,5,Q36180,Lillian Tindyebwa,301,writer,True
Q4726017,Alice Muloki,6,Q5784340,Alice Muloki,300,consort,True
Q24572708,Joy Kabatsi,11,Q40348,Joy Kabatsi,298,lawyer,True
Q111439072,Ninsiima Ronah Rita,6,Q82955,Ninsiima Ronah Rita,295,politician,True
Q105760576,Agnes Taaka,6,Q82955,Agnes Taaka,294,politician,True
Q42902882,Hilda Tadria,6,Q121594,Hilda Tadria,294,professor,True
Q42122025,Doreen Amule,5,Q82955,Doreen Amule,293,politician,True
Q96656682,Sheila Kawamara-Mishambi,6,Q1930187,Sheila Kawamara-Mishambi,292,journalist,True
Q58003789,Awor Betty Engola,6,Q43845,Betty Awori Engola,291,businessperson,True
Q17014619,Hilda J Twongyeirwe,8,Q36180,Hilda Twongyeirwe,290,writer,True
Q21390537,Ellinor Catherine Cunningham-van Someren,5,Q3055126,Ellinor Catherine Cunningham van Someren,289,entomologist,True
Q111530895,Kanushu Laura,5,Q82955,Laura Kanushu,288,politician,True
Q105944681,Mary Begumisa,8,Q82955,Mary Begumisa,287,politician,True
Q102073069,Rosebell Kagumire,10,Q36180,Rosebell Kagumire,286,writer,True
Q116923278,Husina Kobugabe,5,Q13141064,Husina Kobugabe,281,badminton player,True
Q42899070,Jolly Kaguhangire,5,Q484876,Jolly Kaguhangire,281,chief executive officer,True
Q106312357,Monicah Amoding,6,Q82955,Monicah Amoding,280,politician,True
Q105966758,Zawedde Victorious,5,Q82955,Victorious Zawedde,280,politician,True
Q32538609,Rwakimari Beatrice,6,Q82955,Beatrice Rwakimari,279,politician,True
Q106401908,Apolot Christine,7,Q82955,Christine Apolot,278,politician,True
Q21130799,Yasmin Shariff,7,Q42973,Yasmin Shariff,278,architect,True
Q4877205,Beatrice Wabudeya,7,Q82955,Beatrice Wabudeya,276,politician,True
Q24572652,Kwiyucwiny Grace Freedom,6,Q82955,Grace Kwiyucwiny,273,politician,True
Q19665925,Leila Kayondo,6,Q177220,Leila Kayondo,270,singer,True
Q58003275,Evarlyne Buregyeya Asiimwe,6,Q47064,Asiimwe Evarlyne Buregyeya,269,military personnel,True
Q105944500,Florence Nambozo Wamala,6,Q82955,Florence Nambozo Wamala,268,politician,True
Q111551708,Tezira Jamwa,8,Q37226,Tezira Jamwa,267,teacher,True
Q61052063,Nisha Kalema,11,Q28389,Nisha Kalema,266,screenwriter,True
Q21606718,Pumla Kisosonkole,10,Q82955,Pumla Kisosonkole,266,politician,True
Q16727413,Jackee Budesta Batanda,7,Q36180,Jackee Budesta Batanda,264,writer,True
Q105666074,Rosemary Nyakikongoro,8,Q82955,Rosemary Nyakikongoro,263,politician,True
Q44231567,Lillian Nakate,7,Q81096,Lillian Nakate,262,engineer,True
Q50346875,Sarah Waiswa,11,Q33231,Sarah Waiswa,259,photographer,True
Q83611984,Margaret Sekaggya,9,Q185351,Margaret Sekaggya,258,jurist,True
Q1681432,Jamila Lunkuse,8,Q10843402,Jamila Lunkuse,256,swimmer,True
Q105906038,Avako Melsa Naima Gule,7,Q82955,Naima Melsa Gule Avako,256,politician,True
Q42866156,Etheldreda Nakimuli-Mpungu,14,Q317309,Etheldreda Nakimuli-Mpungu,254,mental health,True
Q455113,Ruth Kasirye,9,Q11974939,Ruth Kasirye,253,health professional,False
Q5110904,Christine Amongin Aporu,7,Q82955,Christine Amongin Aporu,253,politician,True
Q116547881,Beatrice Kiraso,5,Q36180,Beatrice Kiraso,253,writer,True
Q16745180,Beatrice Lamwaka,9,Q36180,Beatrice Lamwaka,252,writer,True
Q7368409,Rosemary Najjemba,6,Q82955,Mariam Najjemba,252,politician,True
Q105631664,Florence Kabugho,5,Q1930187,Florence Kabugho,249,journalist,True
Q6187188,Jessica Eriyo,7,Q37226,Jessica Eriyo,248,teacher,True
Q4693003,Agnes Akiror,7,Q82955,Agnes Akiror,247,politician,True
Q17003268,Barbara Birungi,9,Q81096,Barbara Birungi,246,engineer,True
Q43235048,Florence Nsubuga,7,Q2961975,Florence Nsubuga,246,business executive,True
Q7933219,Violet Barungi,6,Q36180,Violet Barungi,244,writer,True
Q111436289,Ruth Molly Lematia,5,Q82955,Ruth Molly Lematia,243,politician,True
Q111384398,Sugra Visram,6,Q974144,Sugra Visram,241,educator,True
Q111536223,Aisa Black Agaba,6,Q82955,Aisa Black Agaba,241,politician,True
Q37923032,Oyenbot,11,Q33999,Oyenbot,239,actor,True
Q111418134,Jane Frances Kuka,9,Q212238,Jane Frances Kuka,239,civil servant,True
Q16233036,Monica Jacobs Birwinyo,12,Q33999,Monica Birwinyo,238,actor,True
Q18683810,Judith Adong,5,Q36180,Judith Adong,237,writer,True
Q18045197,Barbara Ntambirweki,7,Q40348,Barbara Ntambirweki,236,lawyer,True
Q33103054,Nimisha Jayant Madhvani,5,Q82955,Nimisha Jayant Madhvani,235,politician,True
Q27063997,Assumpta Nnaggenda-Musana,10,Q42973,Assumpta Nnaggenda-Musana,234,architect,True
Q107711228,Prisca Chesang,7,Q11513337,Prisca Chesang,233,athletics competitor,True
Q49846890,Jane Kiggundu,5,Q16533,Jane Kiggundu,233,judge,True
Q99681749,Aisha Kyomuhangi,8,Q33999,Aisha Kyomuhangi,232,actor,True
Q118398884,Godiva Akullo,8,Q36180,Godiva Akullo,230,writer,True
Q57825456,Nakayenze Connie Galiwango,6,Q82955,Connie Galiwango Nakayenze,230,politician,True
Q111353679,Victoria Kakoko Sebagereka,5,Q80687,Victoria Kakoko Sebagereka,230,secretary,True
Q16146167,Janet Achola,8,Q11513337,Janet Achola,229,athletics competitor,True
Q43267627,Joy Atim,8,Q43845,Joy Atim,229,businessperson,True
Q30458487,Proscovia Margaret Njuki,6,Q901,Proscovia Margaret Njuki,229,scientist,True
Q51337190,Varsha Nair,10,Q483501,Varsha Nair,228,artist,True
Q19508645,Caroline Kamya,8,Q2526255,Caroline Kamya,228,film director,True
Q84595639,Irene Sewankambo,6,Q81096,Irene Sewankambo,227,engineer,True
Q24572755,Benna Namugwanya,6,Q82955,Benna Namugwanya,226,politician,True
Q137988692,Arinaitwe Jeniva,5,Q82955,Jeniva Arinaitwe,224,politician,True
Q42888151,Akaliza Keza Gara,10,Q131524,Akaliza Keza Gara,223,entrepreneur,False
Q113626201,Val Kalende,6,Q1476215,Val Kalende,223,human rights defender,True
Q20677143,Jemimah Sanyu,5,Q177220,Jemimah Sanyu,223,singer,True
Q7088025,Olivia Aya Nakitanda,6,Q10843402,Olivia Aya Nakitanda,222,swimmer,True
Q106835848,Oliva Amani,7,Q628099,Oliver Mbekeka,220,association football coach,True
Q105962720,JulietBashiishaAgasha,6,Q82955,Juliet Bashiisha Agasha,219,politician,True
Q47006461,Anita Asiimwe,10,Q82955,Anita Asiimwe,216,politician,False
Q36174745,Dorcus Ajok,8,Q11513337,Dorcus Ajok,215,athletics competitor,True
Q9256514,Evelyn Adiru,9,Q11513337,Evelyn Adiru,214,athletics competitor,True
Q111661101,Evelyn Acham,18,Q1291678,Evelyn Acham,213,climate justice,True
Q5338069,Edigold Monday,8,Q188094,Edigold Monday,213,economist,True
Q24851770,Sarah Kanyike,7,Q82955,Sarah Kanyike,211,politician,True
Q2224462,Sarah Nambawa,8,Q11513337,Sarah Nambawa,210,athletics competitor,True
Q105627879,Nandagire Christine Ndiwalana,5,Q82955,Nandagire Christine Ndiwalana,209,politician,True
Q20962343,Juliet Chekwel,11,Q11513337,Juliet Chekwel,208,athletics competitor,True
Q58042010,Margaret Baba Diri,9,Q37226,Margaret Baba Diri,207,teacher,True
Q127688024,Belinda Chemutai,7,Q11513337,Belinda Chemutai,206,athletics competitor,True
Q24852450,Sarah Kiguli,5,Q39631,Sarah Kiguli,206,physician,True
Q62481961,Jane Nabulindo Kwoba,7,Q37226,Jane Nabulindo Kwoba,202,teacher,True
Q111333689,Diana Angwech,6,Q40348,Diana Angwech,201,lawyer,True
Q61820210,Jacqueline Musiitwa,6,Q40348,Jacqueline Musiitwa,199,lawyer,True
Q111649859,Kayaga Baroda Watongola,7,Q82955,Kayanga Baroda Watongola,198,politician,True
Q24251159,Judy Obitre–Gama,5,Q901,Judy Obitre–Gama,198,scientist,True
Q42759362,Angelline Osegge,5,Q82955,Angelline Osegge,198,politician,True
Q105966150,Judith Peace Achan,8,Q82955,Judith Peace Achan,197,politician,True
Q83613987,Rita Aciro,9,Q1476215,Rita Aciro,196,human rights defender,True
Q57829968,Faith Alupo,9,Q82955,Faith Alupo,194,politician,True
Q16727764,Loyce Biira Bwambale,7,Q82955,Loyce Biira Bwambale,194,politician,True
Q46999139,Rose Kirumira,5,Q1281618,Rose Kirumira,193,sculptor,True
Q105964879,Annet Nyakecho,6,Q82955,Annet Nyakecho,189,politician,True
Q115633121,Loice Chekwemoi,6,Q11513337,Loice Chekwemoi,189,athletics competitor,True
Q110977893,Sumaya Komuntale,5,Q937857,Sumaya Komuntale,189,association football player,True
Q55433698,Janet Mbabazi,7,Q12299841,Janet Mbabazi,188,cricketer,True
Q105759689,Dorcus Acen,8,Q82955,Dorcus Acen,187,politician,True
Q105962523,Rita Atukwasa,6,Q82955,Rita Atukwasa,186,politician,True
Q56875897,Ruth Doreen Mutebe,6,Q326653,Ruth Doreen Mutebe,184,accountant,True
Q37122067,Emma Boona,8,Q82955,Emma Boona,183,politician,True
Q19667760,Evangeline Barongo,7,Q36180,Evangeline Barongo,183,writer,True
Q5221774,Daphrose Gahakwa,7,Q82955,Daphrose Gahakwa,183,politician,False
Q105955382,Rose Emma Cherukut,6,Q82955,Rose Emma Cherukut,183,politician,True
Q111081529,Christine Abia Bako,5,Q82955,Bako Christine Abia,183,politician,True
Q4831217,Ayeta Anne Wangusa,8,Q36180,Ayeta Anne Wangusa,182,writer,True
Q42868219,Grace Tubwita,6,Q82955,Grace Tubwita,182,politician,True
Q28478781,Goretti Angolikin,6,Q10873124,Goretti Angolikin,181,chess player,True
Q7459446,Sezi Mbaguta,7,Q82955,Sezi Mbaguta,180,politician,True
Q105966519,Agnes Acibu,7,Q82955,Agnes Acibu,179,politician,True
Q19666505,Mariam Nalubega,6,Q82955,Mariam Nalubega,179,politician,True
Q111317423,Rose Mwebaza,6,Q40348,Rose Mwebaza,176,lawyer,True
Q108117638,Goretti Masadde,5,Q2961975,Goretti Masadde,176,business executive,True
Q108703410,Neema Iyer,5,Q43845,Neema Iyer,176,businessperson,False
Q100449863,Grace Ndeezi,5,Q121594,Grace Ndeezi,175,professor,True
Q17308883,Tete Chelangat,7,Q82955,Tete Chelangat,174,politician,True
Q29019684,Philippa Namutebi Kabali-Kagwa,6,Q49757,Philippa Namutebi Kabali-Kagwa,173,poet,True
Q106263496,Christine Ayo Achen,5,Q82955,Christine Ayo Achen,173,politician,True
Q111179575,Eudia Kwizera,5,Q82955,Kwizera Eudia,171,politician,True
Q111162702,Victoria Namusisi,7,Q82955,Victoria Nalongo Namusisi,168,politician,True
Q124670638,Priscilla Abey,5,Q3665646,Priscilla Abey,168,basketball player,True
Q111014610,Barbara Kasekende,6,Q2961975,Barbara Kasekende,167,business executive,True
Q19609645,Lillian Aujo,7,Q36180,Lillian Aujo,166,writer,True
Q18205099,Angella Emurwon,7,Q36180,Angella Emurwon,165,writer,True
Q35999816,Stella Ford Mugabo,7,Q82955,Stella Ford Mugabo,165,politician,False
Q111512355,Prudence Ukkonika,6,Q131524,Prudence Ukkonika,164,entrepreneur,True
Q24851772,Judith Tukahirwa,5,Q864503,Judith Tukahirwa,164,biologist,True
Q5045178,Caroline Okao Amali,7,Q82955,Caroline Amali Okao,163,politician,True
Q57828013,Lilly Adong,8,Q82955,Lilly Adong,162,politician,True
Q106095223,Agnes Namyalo,5,Q2961975,Agnes Namyalo,161,business executive,True
Q55433704,Rita Musamali,6,Q12299841,Rita Musamali,160,cricketer,True
Q97155765,Catherine Apalat,9,Q33231,Catherine Apalat,159,photographer,True
Q5591011,Grace Birungi,8,Q11513337,Grace Birungi,159,athletics competitor,True
Q111017137,Julia Clare Oyet,5,Q2961975,Julia Clare Oyet,159,business executive,True
Q17580312,Maud Kamatenesi Mugisha,8,Q18805,Maud Kamatenesi Mugisha,156,naturalist,True
Q105904450,Atuto Jacinta,6,Q82955,Jacinta Atuto,156,politician,True
Q61996991,Josephine Lalam,7,Q11513337,Josephine Joyce Lalam,155,athletics competitor,True
Q105956578,Driwaru Jennifer,5,Q82955,Jennifer Driwaru,153,politician,True
Q105903344,Jennifer Ayoo,6,Q82955,Jennifer Ayoo,150,politician,True
Q113960932,Caroline Adoch,8,Q40348,Caroline Adoch,149,lawyer,True
Q42701026,Josephine Okot,7,Q2961975,Josephine Okot,149,business executive,True
Q26268006,Nyakisi Adero,11,Q11513337,Nyakisi Adero,147,athletics competitor,True
Q57825270,Molly Lanyero,7,Q82955,Molly Lanyero,147,politician,True
Q7378868,Rukiya Chekamondo,7,Q82955,Rukiya Chekamondo,146,politician,True
Q7279324,Rachel Mayanja,6,Q40348,Rachel Mayanja,146,lawyer,True
Q9324189,Ruth Kyalisima,10,Q11513337,Ruth Kyalisima,145,athletics competitor,True
Q22277677,Daisy Ejang,5,Q177220,Daisy Ejang,144,singer,True
Q101115022,Leila Nakabira,7,Q28389,Leila Nakabira,143,screenwriter,True
Q22083689,Edith Nakiyingi,7,Q13381753,Edith Nakiyingi,143,middle-distance runner,True
Q124736459,Milly Nassolo,6,Q40348,Milly Nassolo,143,lawyer,True
Q63228590,Beatrice Byenkya,6,Q82955,Beatrice Byenkya,143,politician,True
Q47816057,Maureen Nankya,6,Q10800557,Maureen Nankya,142,film actor,True
Q105760812,Resty Nanteza,5,Q82955,Resty Nanteza,142,politician,True
Q47014860,Betty Manyolo,8,Q1028181,Betty Manyolo,141,painter,True
Q15630989,Shamim Bangi,7,Q13141064,Bridget Shamim Bangi,141,badminton player,True
Q17305642,Deborah Asiimwe GKashugi,5,Q33999,Asiimwe Deborah GKashugi,141,actor,True
Q71184204,Judith Bakirya,12,Q131512,Judith Bakirya,140,farmer,True
Q65984578,Catheline Ndamira Atwakiire,9,Q43845,Ndamira Catherine Atwikiire,138,businessperson,True
Q6318331,Justine Bayigga,8,Q11513337,Justine Bayigga,137,athletics competitor,True
Q111434407,Iriama Rose,5,Q82955,Iriama Rose,137,politician,True
Q111507048,Sarah Kiyingi Kyama,5,Q82955,Sarah Kiyingi Musoke,134,politician,True
Q16196528,Evelyn Kaabule,5,Q82955,Evelyn Kaabule,134,politician,True
Q43054185,Christine Nyangoma,5,Q47064,Christine Nyangoma,134,military personnel,True
Q19666776,Nakisanze Segawa,7,Q36180,Nakisanze Segawa,133,writer,True
Q55433689,Concy Aweko,6,Q12299841,Concy Aweko,133,cricketer,True
Q6395592,Keturah Kamugasa,6,Q36180,Keturah Kamugasa,133,writer,True
Q48264226,Sarah Walusimbi,5,Q40348,Sarah Walusimbi,130,lawyer,True
Q105962932,Atyang Stella,5,Q82955,Stella Atyang,128,politician,True
Q61440306,Frances Akello,6,Q82955,Frances Akello,126,politician,True
Q19667662,Nyana Kakoma,6,Q36180,Nyana Kakoma,125,writer,True
Q42857831,Catherine Amusugut,5,Q212238,Catherine Amusugut,125,civil servant,True
Q55433679,Kevin Awino,6,Q12299841,Kevin Awino,124,cricketer,True
Q105966644,Sarah Kayaki Netalisile,5,Q37226,Sarah Kayaki Netalisile,124,teacher,True
Q111307347,Barumba Beatrice Rusaniya,5,Q82955,Barumba Beatrice Rusaniya,122,politician,True
Q51939713,Marie Solome Nassiwa,7,Q2961975,Marie Solome Nassiwa,121,business executive,True
Q43264869,Florence Mawejje,6,Q2961975,Florence Mawejje,121,business executive,True
Q56948405,Agnes Nalwanga,6,Q2961975,Agnes Nalwanga,120,business executive,True
Q96802587,Alice Boase,6,Q82955,Alice Boase,119,politician,True
Q43356759,Specioza Kimera Ndagire,6,Q484876,Specioza Kimera Ndagire,117,chief executive officer,True
Q105760249,Suzan Achola Engola,5,Q82955,Susan Achola Engola,117,politician,True
Q55433711,Stephanie Nampiina,6,Q12299841,Stephani Nampiina,116,cricketer,True
Q62099975,Loy Katali,6,Q326653,Loy Katali,116,accountant,True
Q106312282,Lydia Chekwel,6,Q82955,Lydia Chekwel,115,politician,True
Q125965768,Jesca Ruth Ataa,6,Q1476215,Jesca Ruth Ataa,115,human rights defender,True
Q17306325,Damalie Nagitta-Musoke,8,Q40348,Damalie Nagitta-Musoke,113,lawyer,True
Q15631294,Margaret Nankabirwa,7,Q13141064,Margaret Nankabirwa,113,badminton player,True
Q124675453,Evelyne Nakiyingi,5,Q3665646,Evelyne Nakiyingi,113,basketball player,True
Q110982406,Lilian Mutuuzo,5,Q937857,Lillian Mutuuzo,111,association football player,True
Q111434932,Iriama Margaret,5,Q82955,Iriama Margaret,110,politician,True
Q111449795,Mpiima Dorothy Christine,6,Q37226,Mpiima Dorothy Christine,109,teacher,True
Q100869668,Miriam Muwanga,5,Q81096,Miriam Muwanga,106,engineer,True
Q37764671,Grace Buzu,7,Q4009406,Grace Buzu,105,sprinter,True
Q27978724,Aisha Nakiyemba,6,Q13141064,Aisha Nakiyemba,104,badminton player,True
Q6152819,Jane Suuto,9,Q11513337,Jane Suuto,102,athletics competitor,True
Q105759825,Betty Luoke Chelain,7,Q82955,Betty Louke Chelain,102,politician,True
Q105942517,Jacinta Athieno Ayo,5,Q82955,Jacinta Athieno Ayo,101,politician,True
Q55433713,Immaculate Nakisuuyi,6,Q12299841,Immaculate Nakisuuyi,100,cricketer,True
Q58041847,Dorothy Azairwe Nshaija Kabaraitsya,6,Q82955,Dorothy Azairwe Nshaija Kabaraitsya,100,politician,True
Q133896110,Florence Nkalubo,6,Q37226,Florence Nkalubo,99,teacher,True
Q105106300,Janet Wesonga,6,Q82955,Janet Wesonga,98,politician,True
Q124670599,Maria Najjuma,5,Q3665646,Maria Najjuma,98,basketball player,True
Q18683782,Concy Aciro,6,Q82955,Concy Aciro,95,politician,True
Q111439705,Nakabira Gertrude,6,Q82955,Gertrude Nakabira,93,politician,True
Q4357104,Rose Musani,7,Q4009406,Rose Musani,91,sprinter,True
Q30945457,Irene Muyanga,6,Q4009406,Irene Muyanga,89,sprinter,True
Q32144773,Farida Kyakutewa,6,Q4009406,Farida Kyakutema,88,sprinter,True
Q5553347,Gertrude Kayaga Mulindwa,7,Q182436,Gertrude Kayaga Mulindwa,87,librarian,True
Q15838612,Daisy Nakalyango,6,Q13141064,Daisy Nakalyango,87,badminton player,True
Q24572836,Adrian Tibaleka,5,Q82955,Adrian Tibaleka,86,politician,True
Q71240652,Purity Wako,9,Q2576499,Purity Wako,82,nutritionist,True
Q27678776,Hellen Lukoma,8,Q33999,,0,actor,True
Q5052905,Catherine Samali Kavuma,5,Q6625963,Catherine Samali Kavuma,0,novelist,True
Q5111091,Christine Kitumba,5,Q16533,Christine Kitumba,0,judge,True
Q51844074,Hellen Kahunde,5,Q82955,Hellen Kahunde,0,politician,True
Q52433205,Emily Nanziri,5,Q2066131,Emily Nanziri,0,athlete,True
Q53707363,Jacqueline Amongin,5,Q82955,Jacqueline Amongin,0,politician,True
Q54224710,Ssebugwawo Joyce Juliet,5,Q82955,Joyce Nabbosa Ssebugwawo,0,politician,True
Q54233867,Victoria Mwaka,5,Q82955,Victoria Mwaka,0,politician,True
Q55310161,Jessica Naiga,5,Q40348,Jessica Naiga,0,lawyer,True
Q55433683,Joyce Apio,5,Q12299841,Joyce Apio,0,cricketer,True
Q55433688,Gertrude Candiru,5,Q12299841,Gertrude Candiru,0,cricketer,True
Q55433795,Racheal Ntono,5,Q12299841,Racheal Ntono,0,cricketer,True
Q56065160,Quiin Abenakyo,5,Q18581305,Quiin Abenakyo,0,beauty pageant contestant,True
Q56161726,Stellah Nantumbwe,5,Q33999,Stellah Nantumbwe,0,actor,True
Q56289673,Esta Nambayo,5,Q16533,Esta Nambayo,0,judge,True
Q56949745,Sylvia Nayebale,5,Q82955,Sylvia Nayebale,0,politician,True
Q57825400,Nabayiga Idah,5,Q37226,Idah Nabayiga,0,teacher,True
Q57825425,Tophace Kaahwa,5,Q37226,Tophace Kaahwa,0,teacher,True
Q57829781,Margaret Aachilla Aleper,5,Q37226,Margaret Aachilla Aleper,0,teacher,True
Q57830246,Alyek Judith,5,Q82955,Judith Alyek,0,politician,True
Q57883753,Annettee Nakimuli,5,Q901,Annettee Nakimuli,0,scientist,True
Q58041343,Rama Jacqueline Aol,5,Q82955,Rama Jacqueline Aol,0,politician,True
Q58198507,Faridah Nakazibwe,5,Q1930187,Faridah Nakazibwe,0,journalist,True
Q58494894,Theopista Sekitto Ntale,5,Q806798,Theopista Sekitto Ntale,0,banker,True
Q58756497,Sanyu Robinah Mweruka,5,Q1930187,Sanyu Robinah Mweruka,0,journalist,True
Q59379942,Nesta Rugumayo,5,Q2576499,Nesta Rugumayo,0,nutritionist,True
Q62099508,Susan Amero,5,Q82955,Susan Amero,0,politician,True
Q62100890,Grace Kesande Bataringaya,5,Q37226,Grace Kesande Bataringaya,0,teacher,True
Q62118399,Peninnah Kasule,5,Q40348,Peninnah Kasule,0,lawyer,True
Q62129175,Lowila Cd Oketayot,5,Q82955,Lowila CD Oketayot,0,politician,True
Q62129230,Margaret Mbeiza Kisira,5,Q82955,Margaret Mbeiza Kisira,0,politician,True
Q62129269,Mirembe Lydia Daphine,5,Q82955,Lydia Daphine Mirembe,0,politician,True
Q62519673,Mariam Luyombo,5,Q37226,Mariam Luyombo,0,teacher,True
Q62574878,Stella Atal,5,Q3501317,Stella Atal,0,fashion designer,True
Q64011514,Monica Chibita,5,Q1930187,Monica Chibita,0,journalist,True
Q64495988,Ameede Agnes,5,Q82955,Agnes Ameede,0,politician,True
Q6471047,Laeticia Kikonyogo,5,Q16533,Laeticia Kikonyogo,0,judge,True
Q66606322,Gudula Naiga Basaza,5,Q43845,Gudula Naiga Basaza,0,businessperson,True
Q67500811,Margaret Lamwaka,5,Q37226,Margaret Lamwaka Odwar,0,teacher,True
Q68980508,Rachael Zena Chebet,5,Q2066131,Rachael Zena Chebet,0,athlete,True
Q6933087,Muhumusa,5,,Muhumusa,0,,False
Q69990468,Asinisi Fina Opio,5,Q1622272,Asinisi Fina Opio,0,university teacher,True
Q7047359,Noerine Kaleeba,5,Q15253558,Noerine Kaleeba,0,activist,True
Q7087377,Oliver Acii,5,Q11513337,Oliver Acii,0,athletics competitor,True
Q7422470,Sarah Kataike,5,Q82955,Sarah Kataike,0,politician,True
Q7422653,Sarah Opendi Achieng,5,Q82955,Sarah Achieng Opendi,0,politician,True
Q80776096,Judith Heard,5,Q2722764,Judith Heard,0,radio personality,True
Q83610077,Eunice Musiime,5,Q40348,Eunice Musiime,0,lawyer,True
Q83614948,Primah Kwagala,5,Q40348,Primah Kwagala,0,lawyer,True
Q84004959,Maria Auma,5,Q61048378,,0,climate activist,False
Q86372390,Anne Juuko,5,Q806798,Anne Juuko,0,banker,True
Q87474492,Hellen Baleke,5,Q11338576,Hellen Baleke,0,boxer,True
Q89370497,Rose Kabagyeni,5,Q82955,Rose Kabagyenyi,0,politician,True
Q90926112,Christine Nakwang Tubo,5,Q82955,Christine Nakwang Tubo,0,politician,True
Q90932356,Anifa Bangirana,5,Q82955,Bangirana Kawooya Anifa,0,politician,True
Q96194971,Malende Shamim,5,Q40348,Shamim Malende,0,lawyer,True
Q97011424,Sheila Gashumba,5,Q947873,Sheilah Gashumba,0,television presenter,True
Q97109424,Dominica Dipio,5,Q191808,Dominica Dipio,0,nun,True
Q97826143,Anne Kabagambe,5,Q43845,Anne Kabagambe,0,businessperson,True
Q97958856,Nadine Byarugaba,5,Q806798,Nadine Byarugaba,0,banker,True
Q98637883,Husnah Kukundakwe,5,Q10843402,Husnah Kukundakwe,0,swimmer,True
Q98716518,Elizabeth Mwesigwa,5,Q13141064,Elizabeth Mwesigwa,0,badminton player,True
Q104904723,Mariya Nzigiyimana,4,Q185196,Mariya Nzigiyimana,0,midwife,False
Q105322566,Nancy Kalembe,4,Q82955,Nancy Kalembe,0,politician,True
Q105642336,Wanjiku Muhia,4,Q82955,Wanjiku Muhia,0,politician,False
Q105760963,Veronica Namaganda Nanyondo,4,Q37226,Veronica Namaganda Nanyondo,0,teacher,True
Q105825829,Katusiime Annet Mugisha,4,Q82955,Annet Katusiime Mugisha,0,politician,True
Q105825933,Namujju Cissy Dionizia,4,Q82955,Cissy Dionizia Namujju,0,politician,True
Q105839516,Susan Mugabi Nakaziba,4,Q82955,Susan Mugabi Nakaziba,0,politician,True
Q105839631,Mugisa Margaret Muhanga,4,Q82955,Margaret Annet Muhanga Mugisa,0,politician,True
Q105903749,Namukuta Brenda,4,Q82955,Brenda Namukuta,0,politician,True
Q105904215,Kinshaba Patience Nkunda,4,Q82955,Patience Nkunda Kinshaba,0,politician,True
Q105944722,Jenifer Abaho Muheesi,4,Q82955,Jenifer Abaho Muheesi,0,politician,True
Q105951002,Natumanya Flora,4,Q82955,Flora Natumanya,0,politician,True
Q105951016,Jovanice Twinobusingye,4,Q82955,Jovanice Twinobusingye,0,politician,True
Q105951100,Nyakato Dorothy,4,Q82955,Dorothy Nyakato,0,politician,True
Q105955461,Flavia Rwabuhoro Kabahenda,4,Q82955,Flavia Rwabuhoro Kabahenda,0,politician,True
Q105956412,Nabukenya Brenda,4,Q82955,Brenda Nabukenya,0,politician,True
Q105958189,Molly Musiime Asiimwe,4,Q82955,Molly Musiime Asiimwe,0,politician,True
Q105962464,Juliet Kyinyamatama Suubi,4,Q82955,Juliet Kyinyamatama Suubi,0,politician,True
Q105962661,Margret Rwebyambu,4,Q82955,Margaret Rwebyambu,0,politician,True
Q105963047,Nambooze Teddy,4,Q82955,Teddy Nambooze,0,politician,True
Q105965509,Kevin Ojinga Kaala,4,Q82955,Kevin Ojinga Kaala,0,politician,True
Q105966087,Zomura Manezo,4,Q82955,Zomura Manezo,0,politician,True
Q105966258,Josyline Kamateneti,4,Q82955,Josyline Kamateneti,0,politician,True
Q105966392,Anne Mary Kobugabe Tumwine,4,Q82955,Anne Mary Kobugabe Tumwine,0,politician,True
Q105966555,Faith Nakut,4,Q82955,Faith Nakut,0,politician,True
Q106029262,Hanifa Nabukeera,4,Q2961975,Hanifa Nabukeera,0,business executive,True
Q106139107,Aber Lillian,4,Q82955,Lillian Aber,0,politician,True
Q106265557,Akello Judith Franca,4,Q82955,Akello Judith Franca,0,politician,True
Q106271438,Cindy Magara,4,Q2526255,Cindy Magara,0,film director,False
Q106368084,Jalia Bintu,4,Q37226,Jalia Bintu,0,teacher,True
Q106647739,Sophie Kyagulanyi,4,Q40348,Sophie Kyagulanyi,0,lawyer,True
Q107289268,Freda Mubanda,4,Q82955,Freda Mubanda Kasse,0,politician,True
Q107484961,Grace Nambatya Kyeyune,4,Q901,Grace Nambatya Kyeyune,0,scientist,True
Q108933256,Hasifah Nassuna,4,Q937857,Hasifah Nassuna,0,association football player,True
Q109024300,Rehmah Kasule,4,Q131524,Rehmah Kasule,0,entrepreneur,True
Q110781877,Chosen Becky,4,Q488205,Chosen Becky,0,singer-songwriter,True
Q110836871,Gorretti Byomire,4,Q82594,Gorretti Byomire,0,computer scientist,True
Q110898055,Baby Gloria,4,Q63243029,Baby Gloria,0,gospel musician,True
Q110967333,Ruth Aturo,4,Q937857,Ruth Aturo,0,association football player,True
Q110974049,Daisy Nakaziro,4,Q937857,Daisy Nakaziro,0,association football player,True
Q110978844,Shamirah Nalugya,4,Q937857,Shamirah Nalugya,0,association football player,True
Q111023763,Annet Nakimbugwe,4,Q937857,Annet Nakimbugwe,0,association football player,True
Q111293515,Misi Kabanda,4,Q82955,Minsa Kabanda,0,politician,True
Q111319472,Diana Nankunda Mutasingwa,4,Q82955,Diana Nankunda Mutasingwa,0,politician,True
Q111362760,Juliet Rainer Kafiire,4,Q82955,Juliet Rainer Kafiire,0,politician,True
Q111363094,Esther Opoti Dhugira,4,Q37226,Esther Opoti Dhugira,0,teacher,True
Q111438956,Nakato Kyabangi Katusime,4,Q82955,Nakato Kyabangi Katusiime,0,politician,True
Q111439077,Manjeri Kyebakutika,4,Q82955,Manjeri Kyebakutika,0,politician,True
Q111443805,Mpabwa Sarah Patience,4,Q82955,Mpabwa Sarah Patience,0,politician,True
Q111444396,Auma Juliana Modest,4,Q37226,Juliana Modesta Auma,0,teacher,True
Q111458401,Christine Ntegamahe Mwebesa,4,Q39631,Christine Ntegamahe Mwebesa,0,physician,True
Q111487131,Jeninah Ntabgoba,4,Q36180,Jeninah Ntabgoba,0,writer,True
Q111524946,Victor Nekesa,4,Q39631,Victor Nekesa,0,physician,True
Q111524966,Charity Bainababo,4,Q82955,Charity Bainababo,0,politician,True
Q111530886,Deborah Kasente,4,Q36180,Deborah Kasente,0,writer,True
Q111531031,Alleluya Rosette Ikote,4,Q82955,Alleluya Rosette Ikote,0,politician,True
Q111534333,Agnes Nabirye,4,Q82955,Agnes Nabirye,0,politician,True
Q111536421,Jennifer Alanyo,4,Q39631,Jennifer Alanyo,0,physician,True
Q111582439,Teresa Akenga,4,Q12416358,Teresa Akenga,0,vice-chancellor,False
Q111972727,Martha Kazungu,4,Q674426,Martha Kazungu,0,curator,True
Q113506072,Irene Mrembo Njoki,4,Q82955,Irene Mrembo Njoki,0,politician,False
Q114141172,Shamirah Nabadda,4,Q859528,Shamirah Nabadda,0,association football referee,True
Q114930176,Stacey Gillian Abe,4,Q21477194,,0,contemporary artist,False
Q116603638,Angwech Colline,4,Q82955,Angwech Colline,0,politician,True
Q116607996,Esther Nakajjigo,4,Q1476215,Esther Nakajjigo,0,human rights defender,True
Q117477457,Joy Lehai Kanyarutokye,4,Q4610556,Joy Lehai Kanyarutokye,0,model,True
Q118969711,Naira Ali,4,Q639669,Naira Ali,0,musician,True
Q119549249,Jane Asinde,4,Q3665646,Jane Asinde,0,basketball player,True
Q121090670,Grace Oburu,4,Q82955,Grace Oburu,0,politician,True
Q123982026,Knight Aciru,4,Q11513337,Knight Aciru,0,athletics competitor,True
Q124387446,Fatuma Ndangiza,4,Q82955,Fatuma Ndangiza,0,politician,False
Q124616026,Brenda Ekone,4,Q3665646,Brenda Ekone,0,basketball player,True
Q124675355,Ritah Imanishimwe,4,Q3665646,Ritah Imanishimwe,0,basketball player,True
Q124675397,Lydia Babirye,4,Q3665646,Lydia Babirye,0,basketball player,True
Q125102935,Ritah Asiimwe,4,Q13141064,Ritah Asiimwe,0,badminton player,True
Q125207733,Emmaculate Anyango,4,Q2066131,Emmaculate Anyango,0,athlete,False
Q125341759,Florence Hashaka Kabahweza,4,Q82955,Hashaka Kabahweza Florence,0,politician,True
Q125717606,Clare Mugumya,4,Q82955,Clare Mugumya,0,politician,True
Q129652260,Jane Asiimwe Muhindo,4,Q82955,Jane Asiimwe Muhindo,0,politician,True
Q130351991,Agnes Nabukenya,4,Q937857,Agnes Nabukenya,0,association football player,True
Q130612903,Zaina Nandede,4,Q937857,Zainah Nandede,0,association football player,True
Q131291101,Danielita Favour Nambatya,4,Q937857,Danielita Favour Nambatya,0,association football player,True
Q131379434,Sandra Kwikiriza,4,Q15253558,Sandra Kwikiriza,0,activist,True
Q133525510,Solome Nakaweesi Kimbugwe,4,Q28692502,Solome Nakaweesi Kimbugwe,0,women's rights activist,True
Q133810038,Esther Okello Lutwa,4,Q82955,Esther Okello Lutwa,0,politician,True
Q133822955,Phoebe Awere Otaala,4,Q82955,Phoebe Awere Otaala,0,politician,True
Q133828122,Cotilda Nakate Kikomeko,4,Q37226,Cotilda Nakate Kikomeko,0,teacher,True
Q134965037,Sylvia Kabene,4,Q937857,Sylvia Kabene,0,association football player,True
Q137991462,Lanyero Christine Awany,4,Q82955,Christine Lanyero Awany,0,politician,True
Q138000596,Pedun Josephine,4,Q82955,Josephine Pedun,0,politician,True
Q138005525,Esther Majambere Musoke,4,Q82955,Esther Majambere Musoke,0,politician,True
Q16186361,Mbabazi Jacqueline,4,Q82955,Jacqueline Mbabazi,0,politician,True
Q16196479,Ayelet Gneezy,4,Q99193996,Ayelet Gneezy,0,behavioral scientist,False
Q16222051,Supra Singhal,4,Q10843402,Supra Singhal,0,swimmer,True
Q16733149,Beverley Nambozo,4,Q33999,Beverley Nambozo,0,actor,True
Q16734808,Queen Best Kemigisa,4,Q82955,Best Kemigisa,0,politician,True
Q17020396,Oliver Wonekha,4,Q82955,Oliver Wonekha,0,politician,True
Q18637534,Leah Kalanguka,4,Q4610556,Leah Kalanguka,0,model,True
Q18986021,Christine H. Sophie Kabuye,4,Q2374149,Christine H. Sophie Kabuye,0,botanist,False
Q1964393,Namugenyi Kiwanuka,4,Q947873,Nam Kiwanuka,0,television presenter,False
Q19662610,Margaret Mungherera,4,Q211346,Margaret Mungherera,0,psychiatrist,True
Q19662714,Desire Luzinda,4,Q177220,Desire Luzinda,0,singer,True
Q19666896,Ife Piankhi,4,Q36180,Ife Piankhi,0,writer,True
Q19829171,Angelina Acheng Atyam,4,Q15253558,Angelina Atyam,0,activist,True
Q20653572,Kay Adroa,4,Q203184,Kay Adroa,0,First Lady,True
Q20810427,Patricia Apolot,4,Q11296761,Patricia Apolot,0,kickboxer,True
Q23007554,Sister Charity,4,Q177220,Sister Charity,0,singer,True
Q23418960,Donna Kusemererwa,4,Q105186,Donna Kusemererwa,0,pharmacist,True
Q23541032,Sarah Nabukalu Kiyimba,4,Q2961975,Sarah Nabukalu Kiyimba,0,business executive,True
Q23816422,Jane Kaberuka,4,Q36180,Jane Kaberuka,0,writer,True
Q24176156,Regina Amollo,4,Q36180,Regina Amollo,0,writer,True
Q24690841,Peace Proscovia,4,Q3665646,Peace Proscovia,0,basketball player,True
Q26924525,Irene Ajambo,4,Q13381376,Irene Ajambo,0,weightlifter,True
Q27829078,Patricia Ojangole,4,Q326653,Patricia Ojangole,0,accountant,True
Q27916309,Haruna Mawa,4,Q628099,Haruna Mawa,0,association football coach,True
Q28470776,Grace Kigeni,4,Q10873124,Grace Kigeni,0,chess player,True
Q30323658,Jacklet Atuhaire,4,Q82955,Jacklet Atuhaire,0,politician,True
Q30899710,Jastine Ayebazibwe,4,Q43845,Justine Ayebazibwe,0,businessperson,True
Q33830294,Avice Meya,4,Q10843402,Avice Meya,0,swimmer,True
Q40459204,Mary Musani,4,Q11513337,Mary Musani,0,athletics competitor,False
Q41018363,Grania Rubomboras,4,Q81096,Grania Rubomboras,0,engineer,True
Q42530235,Catherine Bamugemereire,4,Q16533,Catherine Bamugemereire,0,judge,True
Q42853966,Proscovia Nabbanja,4,Q901,Proscovia Nabbanja,0,scientist,True
Q42860094,Pauline Irene Batebe,4,Q901,Pauline Irene Batebe,0,scientist,True
Q42889891,Olive Kazaarwe Mukwaya,4,Q16533,Olive Kazaarwe Mukwaya,0,judge,True
Q42971148,Florence Ndagire,4,Q40348,Florence Ndagire,0,lawyer,True
Q43384475,Victoria Walusansa,4,Q39631,Victoria Walusansa,0,physician,True
Q43549242,Philippa Ngaju Makobore,4,Q1326886,Philippa Ngaju Makobore,0,electrical engineer,True
Q47015016,Keturah Katunguka,4,Q16533,Keturah Katunguka,0,judge,False
Q47494738,Mary Wamaua Waithira Njoroge,4,Q82955,Mary Wamaua Waithira Njoroge,0,politician,False
Q47531290,Olive Kigongo,4,Q484876,Olive Kigongo,0,chief executive officer,True
Q5052840,Catherine Namono,4,Q3621491,Catherine Namono,0,archaeologist,True
Q51765147,Nataliey Bitature,4,Q43845,Nataliey Bitature,0,businessperson,True
Q54226438,Seanice Kacungira,4,Q1930187,Seanice Kacungira,0,journalist,True
Q55433692,Saidati Kemigisha,4,Q12299841,Saidati Kemigisha,0,cricketer,True
Q55433706,Franklin Najjumba,4,Q12299841,Franklin Najjumba,0,cricketer,True
Q55433715,Carol Namugenyi,4,Q12299841,Carol Namugenyi,0,cricketer,True
Q55433728,Mary Nalule,4,Q12299841,Mary Nalule,0,cricketer,True
Q55433754,Prico Nakitende,4,Q12299841,Prico Nakitende,0,cricketer,True
Q56065060,Evelyn Nabunya,4,Q2640827,Evelyn Nabunya,0,gynecologist,True
Q56249960,Rhoda Wanyenze,4,Q39631,Rhoda Wanyenze,0,physician,True
Q56513342,Joyce Kavuma,4,Q16533,Joyce Kavuma,0,judge,True
Q56522611,Cornelia Sabiiti,4,Q16533,Cornelia Sabiiti,0,judge,True
Q56812360,Sarah Ssali,4,Q1650915,Sarah Ssali,0,researcher,True
Q56823703,Rebecca Mulira,4,Q8359428,Rebecca Mulira,0,social activist,True
Q5702203,Helen Epstein,4,Q36180,Helen Epstein (journalist),0,writer,True
Q57585556,Sabrina Kitaka,4,Q39631,Sabrina Kitaka,0,physician,True
Q57824490,Rosette Kajungu Mutambi,4,Q82955,Rosette Kajungu Mutambi,0,politician,True
Q57825185,Sheila Mwine Kabaije,4,Q37226,Sheila Mwine Kabaije,0,teacher,True
Q57826830,Margaret Komuhangi,4,Q37226,Margaret Komuhangi,0,teacher,True
Q57828421,Ajilo Elogu Maria Goretti,4,Q82955,Ajilo Elogu Maria Goretti,0,politician,True
Q57829630,Alum Santa Sandra Ogwang,4,Q82955,Alum Sandra Ogwang Santa,0,politician,True
Q58003644,Avur Jane Pacuto,4,Q82955,Jane Avur Pacuto,0,politician,True
Q58041487,Rose Atima Ayaka,4,Q82955,Rose Atima Ayaka,0,politician,True
Q58042319,Babirye Kityo Sarah,4,Q82955,Sarah Babirye Kityo,0,politician,True
Q58042467,Mary Babirye Kabanda,4,Q82955,Mary Babirye Kabanda,0,politician,True
Q58416630,Josephine Karungi,4,Q1930187,Josephine Karungi,0,journalist,True
Q61008867,Anna Bitature Mugenyi,4,Q16533,Anna Bitature Mugenyi,0,judge,True
Q61696432,Susan Lakot,4,Q47064,Susan Lakot,0,military personnel,True
Q62016429,Rebbeca Mpagi,4,Q47064,Rebecca Mpagi,0,military personnel,True
Q62060614,Zaitun Driwaru,4,Q37226,Zaitun Driwaru,0,teacher,True
Q62067646,Veronica Isala Eragu Bichetero,4,Q40348,Veronica Isala Eragu Bichetero,0,lawyer,True
Q62076449,Barbie Itungo Kyagulanyi,4,Q36180,Barbie Kyagulanyi,0,writer,True
Q62100397,Oliver Katwesigye Koyekyenga,4,Q43845,Oliver Katwesigye Koyekyenga,0,businessperson,True
Q62129047,Jovah Kamateeka,4,Q82955,Jovah Kamateeka,0,politician,True
Q62129125,Noeline Kisembo Basemera,4,Q82955,Noeline Kisembo Basemera,0,politician,True
Q62129326,Mutonyi Rose Masaaba,4,Q37226,Rose Mutonyi Masaaba,0,teacher,True
Q62480234,Stella Namoe Nyomera,4,Q15319501,Stella Namoe Nyomera,0,social scientist,True
Q62480909,Julie Mukoda Zabwe,4,Q5268834,Julie Mukoda Zabwe,0,information and communications technology,True
Q62487344,Najjuma Sarah,4,Q37226,Sarah Najjuma,0,teacher,True
Q62519498,Regina Mukiibi,4,Q43845,Regina Mukiibi,0,businessperson,True
Q62520014,Faridah Bulega,4,Q628099,Faridah Bulega,0,association football coach,True
Q62697266,Vanessa Erogbogbo,4,Q81096,Vanessa Erogbogbo,0,engineer,True
Q63100313,Olive Kobusingye,4,Q774306,Olive Kobusingye,0,surgeon,True
Q63135990,Julian Adyeri Omalla,4,Q43845,Julian Adyeri Omalla,0,businessperson,True
Q63966899,Grace Mumbi Ngugi,4,Q16533,Grace Mumbi Ngugi,0,judge,False
Q6398590,Kezia of Tooro,4,Q5784340,Kezia of Tooro,0,consort,True
Q64009522,Vanita Kayiwa,4,Q2095549,Vanita Kayiwa,0,aircraft pilot,True
Q64009526,Tina Drazu,4,Q2095549,Tina Drazu,0,aircraft pilot,True
Q64210812,Flavia Namakula,4,Q47064,Flavia Namakula,0,military personnel,True
Q65486221,Sarah Arapta,4,Q2961975,Sarah Arapta,0,business executive,True
Q65494256,Eva Magala,4,Q43845,Eva Magala,0,businessperson,True
Q67080169,Mukisa Robina Hope,4,Q82955,Robina Hope Mukisa,0,politician,True
Q71976585,Brenda Katwesigye,4,Q131524,Brenda Katwesigye,0,entrepreneur,True
Q74192306,Goretti Nassanga,4,Q1930187,Goretti Nassanga,0,journalist,True
Q76778764,Diana Nabatanzi,4,Q33999,Diana Nabatanzi,0,actor,True
Q84335046,Fazila Ikwaput,4,Q937857,Fazila Ikwaput,0,association football player,True
Q85020286,Maria G. N. Musoke,4,Q1265807,Maria Musoke,0,information scientist,True
Q85250508,Faith Kakembo,4,Q177220,Faith Kakembo,0,singer,True
Q86212210,Doreen Nyanjura,4,Q82955,Doreen Nyanjura,0,politician,True
Q88720647,Angella Musiimenta,4,Q901,Angela Musiimenta,0,scientist,True
Q89276979,Jane Frances Abodo,4,Q16533,Jane Frances Abodo,0,judge,True
Q90139168,Naomi Kayondo,4,Q12299841,Naome Bagenda,0,cricketer,True
Q90914975,Safia Juuko Nalule,4,Q82955,Safia Juuko Nalule,0,politician,True
Q90920801,Rosemary Nauwat,4,Q82955,Rosemary Nauwat,0,politician,True
Q90923330,Bigirwa Norah Nyendwoha,4,Q82955,Norah Bigirwa-Nyendwoha,0,politician,True
Q90927411,Baguma Spellanza Muhenda,4,Q82955,Spellanza Baguma Muhenda,0,politician,True
Q90929827,Osoru Mourine,4,Q82955,Mourine Osoru,0,politician,True
Q95746953,Wekomba Sarah Nambozo,4,Q82955,Sarah Nambozo Wekomba,0,politician,True
Q95918194,Janet Grace Akech Okori-Moe,4,Q37226,Janet Grace Akech Okori-Moe,0,teacher,True
Q96474815,Anne Nasimiyu Wasike,4,Q219477,Anne Nasimiyu Wasike,0,missionary,True
Q96622977,Emily Maractho,4,Q1930187,Emily Maractho,0,journalist,True
Q96651595,Josephine Nabukenya,4,Q8359428,Josephine Nabukenya,0,social activist,True
Q96742223,Jacqueline Asiimwe,4,,Jacqueline Asiimwe,0,,True
Q96787826,Barbara Saben,4,Q82955,Barbara Saben,0,politician,True
Q97744430,Natasha Shirazi,4,Q937857,Natasha Shirazi,0,association football player,True
Q105761146,Bebona Josephine Babungi,3,Q82955,Babungi Josephine Bebona,0,politician,True
Q105839727,Nyakato Asinansi,3,Q82955,Asinansi Nyakato,0,politician,True
Q105883328,Sauda Kauma,3,Q82955,Sauda Kauma,0,politician,True
Q105942699,Flavia Nabagabe Kalule,3,Q82955,Flavia Nabagabe Kalule,0,politician,True
Q105955350,Auma Kenny,3,Q82955,Kenny Auma,0,politician,True
Q105956689,Juliet Kakande Nakabuye,3,Q82955,Juliet Kakande Nakabuye,0,politician,True
Q105956858,Asiimwe Florence Akiiki,3,Q82955,Florence Akiiki Asiimwe,0,politician,True
Q105958498,Medius Kaharata Natukunda,3,Q82955,Medius Kaharata Natukunda,0,politician,True
Q105962427,Mukhaye Miriam,3,Q82955,Miriam Mukhaye,0,politician,True
Q105963103,Nakazibwe Hope Grania,3,Q82955,Hope Nakazibwe Grania,0,politician,True
Q105966714,Margret Okunga Makoha,3,Q82955,Margret Okunga Makoha,0,politician,True
Q106095789,Harriet Businge,3,Q37226,Harriet Businge,0,teacher,True
Q106315112,Violet A. Akurut,3,Q82955,Violet A. Akurut,0,politician,True
Q106424937,Sylvia Cheptoris,3,Q40348,Sylvia Cheptoris,0,lawyer,False
Q106452769,Birungi Carolyn Nanyondo,3,Q82955,Nanyondo Birungi Carolyn,0,politician,True
Q106452785,Stella Kizza,3,Q82955,Stella Kizza,0,politician,True
Q106611197,Florence Tumuhairwe,3,Q188094,Tumuheirwe Florence,0,economist,True
Q106611291,Cathy Patra,3,Q4610556,Cathy Patra,0,model,True
Q106612689,Irene Linda Mugisha,3,Q82955,Irene Linda Mugisha,0,politician,True
Q107289275,Robina Ssentongo,3,Q82955,Robina Sentongo,0,politician,True
Q107453272,Betty Mpeka,3,Q39631,Betty Mpeka,0,physician,True
Q107711205,Aminah Zawedde,3,Q82594,Aminah Zawedde,0,computer scientist,True
Q107717839,Catherine Nanziri,3,Q11338576,Catherine Nanziri,0,boxer,True
Q108083083,Elizabeth Kyazike,3,Q1650915,Elizabeth Kyazike,0,researcher,True
Q108314425,Grace Muliisa,3,Q2961975,Grace Muliisa,0,business executive,False
Q108572466,Mildred Tuhaise,3,Q1930187,Mildred Tuhaise,0,journalist,True
Q108823716,Victoria Katamba,3,Q16533,Victoria Katamba,0,judge,False
Q109529927,Suzan Mweheire Kitariko,3,Q2961975,Suzan Mweheire Kitariko,0,business executive,False
Q110538780,Sylvia Jagwe Owachi,3,,Sylvia Jagwe Owachi,0,,True
Q110877810,Veronica Sentongo,3,Q81096,Veronica Sentongo,0,engineer,False
Q110884991,Evelyn Namara,3,Q131524,Evelyn Namara,0,entrepreneur,True
Q110915789,Sarah Kagingo,3,Q82955,Sarah Kagingo,0,politician,True
Q110923779,Elizabeth Nalugemwa,3,Q36180,Elizabeth Nalugemwa,0,writer,True
Q110971863,Yudaya Nakayenze,3,Q937857,Yudaya Nakayenze,0,association football player,True
Q110980021,Shadia Nankya,3,Q937857,Shadia Nankya,0,association football player,True
Q110982510,Viola Namuddu,3,Q937857,Viola Namuddu,0,association football player,True
Q110999044,Judy Rugasira Kyanda,3,Q5086869,Judy Rugasira Kyanda,0,Chartered surveyors in the United Kingdom,True
Q111023612,Asha Sonko,3,Q202648,Asha Sonko,0,referee,True
Q111082010,Babiiha Jane Alisemera,3,Q82955,Babiiha Jane Alisemera,0,politician,True
Q111089868,Acen Rhoda,3,Q82955,Acen Rhoda,0,politician,True
Q111091947,Margaret Angufiru,3,Q82955,Angufiru Margaret,0,politician,True
Q111178116,Kyokuhairwa Kyaka Viccy,3,Q82955,Kyokuhairwa Kyaka Vicky,0,politician,True
Q111292264,Ruth Tuma,3,Q37226,Ruth Tuma,0,teacher,True
Q111293047,Jacqueline Kyatuheire,3,Q82955,Jacqueline Kyatuheire,0,politician,True
Q111300462,Grace Aluka,3,Q937857,,0,association football player,True
Q111304092,Christine Nambirige,3,Q937857,Christine Nambirige,0,association football player,True
Q111322940,Kaboyo Alice,3,Q82955,Alice Kaboyo,0,politician,True
Q111335873,Nvumetta Ruth Kavuma,3,Q37226,Nvumetta Ruth Kavuma,0,teacher,True
Q111349310,Joyce Kwebiha,3,Q82955,Kwebiha Joyce,0,politician,True
Q111372379,Namaganda Susan,3,Q82955,Namaganda Susan,0,politician,True
Q111383137,Grace Isingoma Byarugaba,3,Q82955,Byarugaba Grace Isingoma,0,politician,True
Q111383455,Florence Kintu,3,Q82955,Kintu Florence,0,politician,True
Q111418019,Auru Anne,3,Q82955,Auru Anne,0,politician,True
Q111422299,Acayo Christine Cwinya,3,Q82955,Acayo Christine Cwinya,0,politician,True
Q111441060,Nabulya Theopista Sssentongo,3,Q82955,Nabulya Theopista Ssentongo,0,politician,True
Q111462677,Joy Ruth Acheng,3,Q82955,Joy Ruth Acheng,0,politician,True
Q111482350,Justina Geraldine Najjuka,3,Q191808,Justina Geraldine Najjuka,0,nun,True
Q111524978,Busingye Peninah Kabingani,3,Q82955,Busingye Peninah Kabingani,0,politician,True
Q111530450,Winnie Nwagi,3,Q639669,Winnie Nwagi,0,musician,True
Q111540606,Winifred Kiryabwire,3,Q40348,Winifred Kiryabwire,0,lawyer,True
Q111700178,Juliet Sekabunga,3,Q9385011,Juliet Sekabunga Nalwanga,0,neurosurgeon,True
Q111729377,Immaculate Akello,3,Q40348,,0,lawyer,True
Q111948377,Nana Mwafrika Mbarikiwa,3,Q1476215,Nalongo Nana Mwafrika,0,human rights defender,False
Q112317778,Janat Chemusto,3,Q11513337,Janat Chemusto,0,athletics competitor,True
Q113549921,Flavia Senkubuge,3,Q39631,Flavia Senkubuge,0,physician,False
Q115941035,Bathsheba Okwenje,3,Q33231,Bathsheba Okwenje,0,photographer,True
Q116603765,Aguti Sarah,3,Q82955,Sarah Aguti Nyangkori,0,politician,True
Q116911283,Annet Chemengich Chelangat,3,Q11513337,,0,athletics competitor,False
Q118365777,Sandra Aceng,3,Q267936,Sandra Aceng,0,executive director,True
Q118578877,Sarah Bireete,3,Q40348,Sarah Bireete,0,lawyer,True
Q119546666,Jannon Otto,3,Q3665646,Jannon Otto,0,basketball player,True
Q122023112,Irene Eyaru,3,Q231200,Irene Eyaru,0,netball,True
Q123506765,Jovia Mutesi,3,Q116,Jovia Mutesi,0,monarch,True
Q123584790,Ruth Kalibbala Bwanika,3,Q33999,Ruth Kalibbala Bwanika,0,actor,True
Q124616075,Hope Akello,3,Q3665646,Hope Akello,0,basketball player,True
Q124666178,Culton Scovia Nakamya,3,Q1930187,Culton Scovia Nakamya,0,journalist,True
Q124988135,Hannah Karema Tumukunde,3,Q4610556,Hannah Karema Tumukunde,0,model,True
Q125280005,Ajok Lucy,3,Q82955,Ajok Lucy,0,politician,True
Q125338138,Akumu Catherine Mavenjina,3,Q40348,Akumu Catherine Mavenjina,0,lawyer,True
Q125361348,Lillian Bagala,3,,Lillian Bagala,0,,True
Q125423041,Josephine Kakooza,3,Q36834,Josephine Kakooza,0,composer,True
Q125750504,Ekwau Ibi Florence,3,Q82955,Ekwau Ibi Florence,0,politician,True
Q125750514,Grace Namara,3,Q82955,Grace Namara,0,politician,True
Q127693492,Pamela Enyonu,3,Q483501,Pamela Enyonu,0,artist,True
Q130353325,Shakirah Nankwanga,3,Q349,Shakirah Nankwanga,0,sport,True
Q130610924,Hadija Nalongo,3,Q937857,Nalongo Hadijah,0,association football player,True
Q130612943,Anitah Namata,3,Q937857,Anitah Namata,0,association football player,True
Q130613918,Zaina Namuleme,3,Q937857,Zaina Namuleme,0,association football player,True
Q131105408,Olivia Mary Nantongo,3,Q483501,Olivia Mary Nantongo,0,artist,True
Q131148024,Namugerwa Gloria,3,Q937857,Namugerwa Gloria,0,association football player,True
Q131267963,Fatumah Asha,3,Q3501317,Fatumah Asha,0,fashion designer,True
Q131277807,Sasha Ferguson,3,Q131524,Sasha Ferguson,0,entrepreneur,True
Q131301500,Anny Katabaazi Bwengye,3,Q21281706,Anny Katabaazi Bwengye,0,academic administrator,True
Q131313247,Nayiga Patricia,3,Q937857,Nayiga Patricia,0,association football player,True
Q131401843,Doreck Ankunda,3,Q33999,Doreck Ankunda,0,actor,True
Q131414564,Asha Noppeney,3,Q36180,Asha Noppeney,0,writer,True
Q131438489,Zafaran,3,Q639669,Zafaran (musician),0,musician,True
Q133780083,Carol Nakimera,3,,Carol Nakimera,0,,True
Q133816901,Sarah Wasagali Kanaabi,3,Q188094,Sarah Wasagali Kanaabi,0,economist,True
Q133820056,Lydia Mungherera,3,Q4618975,Lydia Mungherera,0,Doctor,True
Q133824254,Madina Amin,3,Q203184,Madina Amin,0,First Lady,True
Q133934861,Jackline Kemigisa,3,Q1930187,Jackline Kemigisa,0,journalist,True
Q134042986,Eunice Lubega Posnansky,3,Q182436,Eunice Lubega Posnansky,0,librarian,True
Q134289420,Carol Alyek Beyanga,3,,Carol Alyek Beyanga,0,,True
Q136186195,Perry Aritua,3,Q40348,Perry Aritua,0,lawyer,True
Q136408864,Shakirah Nyinagahirwa,3,Q937857,Shakirah Nyinagahirwa,0,association football player,True
Q136663956,Nancy Chepkwurui,3,Q11513337,Nancy Chepkwurui,0,athletics competitor,True
Q137972068,Rose Nalubowa,3,Q82955,Rose Nalubowa,0,politician,True
Q137972159,Patricia Magara,3,Q40348,Patricia Magara,0,lawyer,True
Q137972245,Harriet Nakwedde,3,Q37226,Harriet Nakwedde,0,teacher,True
Q137988497,Nakku Fiona,3,Q82955,Fiona Nakku,0,politician,True
Q137988549,Nassolo Eugenia,3,Q82955,Eugenia Nassolo,0,politician,True
Q137988585,Charity Lenia,3,Q82955,Charity Lenia,0,politician,True
Q137988668,Namatovu Mastula,3,Q82955,Mastula Namatovu,0,politician,True
Q137993772,Pamela Annet Kirungi,3,Q82955,Pamela Annet Kirungi,0,politician,True
Q137995601,Ibaseret Josephine,3,Q82955,Josephine Ibaseret,0,politician,True
Q138005806,Nyasio Mudimi,3,Q82955,Nyasio Mudimi,0,politician,True
Q138024590,Nameere Justine,3,Q40348,Justine Nameere,0,lawyer,True
Q138115966,Darlyne Komukama,3,Q33231,Darlyne Komukama,0,photographer,True
Q138789767,Sarah Mukasa,3,Q15253558,Sarah Mukasa,0,activist,True
Q139501379,Salaamu Musumba,3,Q40348,Salaamu Musumba,0,lawyer,True
Q16147044,Stella Arach-Amoko,3,Q16533,Stella Arach-Amoko,0,judge,True
Q16193765,Halima Namakula,3,Q131524,Halima Namakula,0,entrepreneur,True
Q18637519,Leslie 'Lee' Kasumba,3,Q753110,Leslie 'Lee' Kasumba,0,songwriter,True
Q18684119,Angella Katatumba,3,Q177220,Angella Katatumba,0,singer,True
Q18763759,Sera,3,Q177220,,0,singer,True
Q18764146,Jackie Chandiru,3,Q177220,Jackie Chandiru,0,singer,True
Q19592377,Mary Lewis,3,Q33999,Mary Lewis (Canadian actress),0,actor,True
Q19664280,Sophie Gombya,3,Q177220,Sophie Gombya,0,singer,True
Q19664732,Phina Mugerwa,3,Q177220,Phina Mugerwa,0,singer,True
Q22935610,Jane Mulemwa,3,Q593644,Jane Mulemwa,0,chemist,True
Q24004852,Sandy Soul,3,Q753110,Sandra Nankoma,0,songwriter,True
Q24039853,Anne Atai Omoruto,3,Q39631,Anne Atai Omoruto,0,physician,True
Q28151726,Olive Byamukama,3,Q18574233,Olive Byamukama,0,darts player,True
Q28478797,Christine Namaganda,3,Q10873124,Christine Namaganda,0,chess player,True
Q30347337,Proscovia Nalweyiso,3,Q47064,Proscovia Nalweyiso,0,military personnel,True
Q30945317,Rosemary Tumusiime,3,Q82955,Rosemary Tumusiime,0,politician,True
Q32541189,Jackie Akello,3,Q131524,Jackie Akello,0,entrepreneur,True
Q39311739,Faith Mwondha,3,Q16533,Faith Mwondha,0,judge,True
Q42955948,Elizabeth Mpagi Bahigeine,3,Q16533,Elizabeth Mpagi Bahigeine,0,judge,True
Q43195171,Harriet Magala,3,Q40348,Harriet Magala,0,lawyer,False
Q45322031,Hellen Obura,3,Q16533,Hellen Obura,0,judge,True
Q47007281,Angelina Kakooza Mwesige,3,Q913404,Angelina Kakooza Mwesige,0,Doctor of Medicine,True
Q47490045,Gathoni Wamuchomba,3,Q82955,Gathoni Wa Muchomba,0,politician,False
Q47490066,Faith Wairimu Gitau,3,Q82955,Faith Gitau,0,politician,False
Q47494309,Martha Wangari Wanjira,3,Q82955,Martha Wangari Wanjira,0,politician,False
Q48119456,Percy Tuhaise,3,Q16533,Percy Tuhaise,0,judge,True
Q51558144,Elizabeth Kabanda,3,Q16533,Elizabeth Kabanda,0,judge,True
Q52322109,Jane Kasumba,3,Q1930187,Jane Kasumba,0,journalist,True
Q5401242,Esther Mayambala Kisaakye,3,Q16533,Esther Mayambala Kisaakye,0,judge,True
Q54224492,Esther Kalenzi,3,Q12336252,Esther Kalenzi,0,social entrepreneur,True
Q54228209,Amanda Tumusiime,3,Q1622272,Amanda Tumusiime,0,university teacher,True
Q55693715,Manuela P. Mulondo,3,Q36180,Manuela P. Mulondo,0,writer,True
Q55956368,Flavia Anglin Senoga,3,Q16533,Flavia Anglin Senoga,0,judge,True
Q56043246,Sophie Alal,3,Q36180,Sophie Alal,0,writer,True
Q56249790,Pauline Byakika,3,Q39631,Pauline Byakika,0,physician,True
Q57825011,Winnie Matsiko,3,Q82955,Masiko Winifred Komuhangi,0,politician,True
Q57825394,Hanifa Kawooya,3,Q82955,Hanifa Kawooya,0,politician,True
Q57828964,Achiro Lucy Otim,3,Q82955,Lucy Achiro Otim,0,politician,True
Q57896169,Isabella Epiu,3,Q28837,Isabella Epiu,0,anesthesiologist,True
Q58641627,Anne Abeja Muhwezi,3,Q40348,Anne Abeja Muhwezi,0,lawyer,False
Q59308948,Beatrice Ayuru Byaruhanga,3,Q131524,Beatrice Ayuru Byaruhanga,0,entrepreneur,True
Q60439524,Camilla Barungi,3,Q4610556,Camilla Barungi,0,model,True
Q6136290,Susan Muwonge,3,Q37226,Susan Muwonge,0,teacher,True
Q61584859,Patience Tumusiime Rubagumya,3,Q40348,Patience Tumusiime Rubagumya,0,lawyer,True
Q61662345,Flavia Byekwaso,3,Q47064,Flavia Byekwaso,0,military personnel,True
Q62034806,Christine Alalo,3,Q361593,Christine Alalo,0,police officer,True
Q62067701,Pamela Nasiyo Kamugo,3,Q82955,Pamela Nasiyo Kamugo,0,politician,True
Q62068243,Elizabeth Beikiriize Karungi,3,Q40348,Elizabeth Beikiriize Karungi,0,lawyer,True
Q62082761,Agnes Tibayeyita Isharaza,3,Q40348,Agnes Tibayeita Isharaza,0,lawyer,True
Q62100579,Pauline Kemirembe Kyaka,3,Q37226,Pauline Kemirembe Kyaka,0,teacher,True
Q62101151,Justine Khainza,3,Q82955,Justine Khainza,0,politician,True
Q62129102,Caroline Kamusiime,3,Q4175034,Caroline Kamusiime,0,legislator,True
Q62129115,Naome Kibaaju,3,Q82955,Naome Kibaaju,0,politician,True
Q62129153,Agnes Kunihira,3,Q7019111,Agnes Kunihira,0,social worker,True
Q62129191,Janepher Mbabazi Kyomuhendo,3,Q82955,Janepher Mbabazi Kyomuhendo,0,politician,True
Q65122303,Catherine Adipo,3,Q26481809,Catherine Adipo,0,sports executive,True
Q65499007,Flavia Oketcho,3,Q3665646,Flavia Oketcho,0,basketball player,True
Q67196956,Stella Oyella,3,,Stella Oyella,0,,True
Q67197646,Racheal Nanyonga,3,,Racheal Nanyonga,0,,True
Q67197647,Ruth Meeme,3,,Ruth Meeme,0,,True
Q6887337,Mobina Jaffer,3,Q40348,Mobina Jaffer,0,lawyer,False
Q69514728,Patricia Chepkwemoi,3,Q11513337,Patricia Chepkwemoi,0,athletics competitor,True
Q7849619,Tshila,3,Q17378128,,0,spoken word artist,True
Q84354218,Stecia Mayanja,3,Q33999,Stecia Mayanja,0,actor,True
Q87310825,Elizabeth Lwanga,3,Q28692502,Elizabeth Lwanga,0,women's rights activist,True
Q87719904,Tracy Akiror,3,Q937857,Tracy Akiror,0,association football player,True
Q90805964,Hellen Grace Asamo,3,Q37226,Hellen Asamo,0,teacher,True
Q90932931,Kaliisa Jovrine Kyomukama,3,Q43845,Jovrine Kyomukama Kaliisa,0,businessperson,True
Q90934802,Nankabirwa Ann Maria,3,Q81096,Ann Maria Nankabirwa,0,engineer,True
Q94526544,Pia Pounds,3,Q639669,Pia Pounds,0,musician,True
Q96148446,Sheila Nduhukire,3,Q42909,Sheila Nduhukire,0,reporter,True
Q96163738,Philippa Musoke,3,Q1650915,Philippa Musoke,0,researcher,True
Q96376795,Fauziah Nakiboneka,3,Q33999,Fauziah Nakiboneka,0,actor,True
Q96438690,Alice Nabatanzi,3,Q1650915,Alice Nabatanzi,0,researcher,True
Q96627201,Mary Mugyenyi,3,Q82955,Mary Mugyenyi,0,politician,True
Q96693867,Linet Toroitich Chebet,3,Q4439155,Linet Toroitich Chebet,0,long-distance runner,True
Q97069809,Susan Okalany,3,Q16533,Susan Okalany,0,judge,True
Q97446723,Mary Musoke,3,Q13382519,Mary Musoke,0,table tennis player,True
Q97745055,Ritah Kivumbi,3,Q937857,Ritah Kivumbi,0,association football player,True
Q98066848,Violah Nambi,3,Q937857,Violah Nambi,0,association football player,True
Q98539247,Kathleen Grace Noble,3,Q864503,Kathleen Grace Noble,0,biologist,False
Q98603458,Gabrielle McMullin,3,Q15253558,Gabrielle McMullin,0,activist,False
Q98930719,Adha Munguleya,3,Q4439155,Adha Munguleya,0,long-distance runner,True
Q99735292,Pheona Wall,3,Q40348,Pheona Wall,0,lawyer,False
Q100136959,Esther Ruth Mbabazi,2,Q33231,,0,photographer,False
Q100308123,Mirjam Blaak,2,Q82955,Mirjam Blaak,0,politician,False
Q104717556,Doreen Kabareebe,2,Q512314,Doreen Kabareebe,0,socialite,True
Q105760383,Paparu Lillian Obiale,2,Q82955,Lillian Obiale Paparu,0,politician,True
Q105839579,Mary Annet Nakato,2,Q82955,Mary Annet Nakato,0,politician,True
Q105839707,Sharon Balmoi Laker,2,Q82955,Sharon Balmoi Laker,0,politician,True
Q105883266,Jane Kabajungu Bainomugisha,2,Q82955,Jane Kabajungu Bainomugisha,0,politician,True
Q105883576,Jane Awich,2,Q82955,Jane Awich,0,politician,True
Q105904137,Sylvia Bahireira Tumwekwase,2,Q82955,Sylvia Bahireira Tumwekwase,0,politician,True
Q105955426,Christine Bukenya Ssendawula,2,Q82955,Christine Bukenya Ssendawula,0,politician,True
Q105955492,Faith Philo Kunihira,2,Q82955,Faith Kunihira Philo,0,politician,True
Q105955511,Nantongo Fortunate Rose,2,Q40348,Fortunate Nantongo,0,lawyer,True
Q105956483,Okia Joanne Aniku,2,Q82955,Joanne Aniku Okia,0,politician,True
Q105964981,Acom Alobo Joan,2,Q82955,Joan Acom Alobo,0,politician,True
Q105966331,Kabasharira Naome,2,Q82955,Naome Kabasharira,0,politician,True
Q105966807,Sylvia Vicky Awas,2,Q82955,Sylvia Vicky Awas,0,politician,True
Q106282844,Natasha Museveni Karugire,2,Q36180,Natasha Museveni Karugire,0,writer,True
Q106338475,Margaret Rwabushaija,2,Q37226,Margaret Rwabushaija,0,teacher,True
Q106351056,Turyahikayo Kebirungi Mary Paula,2,Q82955,Mary Paula Kebirungi Turyahikayo,0,politician,True
Q106351678,Peace Kusasira,2,Q82955,Peace Kusasira,0,politician,True
Q106431116,Annie Logiel,2,Q82955,Annie Logiel,0,politician,True
Q106589959,Imelda Namutebi,2,Q152002,Imelda Namutebi,0,pastor,True
Q106962116,Rosemary Kisembo,2,Q1709010,Rosemary Kisembo,0,software engineer,True
Q108895816,Amanda Ngabirano,2,Q901,Amanda Ngabirano,0,scientist,True
Q109265406,Anna Talia Oze,2,Q1930187,Anna Talia Oze,0,journalist,False
Q110094700,Cotilda Inapo,2,,Cotilda Inapo,0,,True
Q110397360,Alice Komuhangi Khaukha,2,Q16533,Alice Komuhangi Khaukha,0,judge,True
Q110604850,Aida Vee,2,Q131524,,0,entrepreneur,True
Q110895849,Elizabeth Ntege,2,Q37226,Elizabeth Ntege,0,teacher,True
Q110968297,Joan Nabirye,2,Q937857,,0,association football player,False
Q110979123,Asia Nakibuuka,2,Q937857,,0,association football player,True
Q110979643,Amina Nababi,2,Q937857,,0,association football player,True
Q110980610,Spencer Nakacwa,2,Q937857,,0,association football player,True
Q110980983,Sharon Nadunga,2,Q937857,,0,association football player,True
Q110982489,Sheebah Zalwango,2,Q937857,,0,association football player,True
Q111180419,Nakawuki Susan Nsambu,2,Q82955,Susan Nakawuki,0,politician,True
Q111181361,Oleru Huda Abason,2,Q37226,Huda Abason Oleru,0,teacher,True
Q111188214,Alice Wambui Ng'ang'a,2,Q82955,Alice Wambui Ng'ang'a,0,politician,False
Q111192252,Betty Nakibuka,2,Q753110,Betty Nakibuuka,0,songwriter,True
Q111199119,Jackie Senyonjo,2,Q63243029,Jackie Senyonjo,0,gospel musician,True
Q111203409,Sumy Sadurni,2,Q33231,Sumy Sadurni,0,photographer,False
Q111272117,Shilla Omuriwe Buyungo,2,Q3246315,Shilla Omuriwe Buyungo,0,head coach,True
Q111300617,Farida Charity,2,Q15253558,,0,activist,False
Q111327988,Mugisha Muhanga Margaret,2,Q82955,Mugisha Muhanga Margaret,0,politician,True
Q111350557,Lukwago Rebecca Nalwanga,2,Q82955,Lukwago Rebecca Nalwanga,0,politician,True
Q111359838,Ssinabulya Sylvia Namabidde,2,Q82955,Ssinabulya Sylvia Namabidde,0,politician,True
Q111363446,Kiboijana Margaret N,2,Q82955,Kiboijana Margaret N,0,politician,True
Q111421163,Lanyero Sarah Ochieng,2,Q82955,Lanyero Sarah Ochieng,0,politician,True
Q111441905,Teddy Nakimuli,2,Q11338576,Teddy Nakimuli,0,boxer,True
Q111449851,Rachael Mwine Arinaitwe,2,Q270389,Rachael Mwine Arinaitwe,0,news presenter,True
Q111472818,Justine Nabbosa,2,Q152002,Justine Nabbosa,0,pastor,True
Q111512363,Nayiga Florence Ssekabira,2,Q82955,Nayiga Florence Ssekabira,0,politician,True
Q111517476,Grace Bantebya Kyomuhendo,2,Q36180,Grace Bantebya Kyomuhendo,0,writer,True
Q111524969,Agnes Kirabo,2,Q82955,Agnes Kirabo,0,politician,True
Q111530434,Vinka,2,Q639669,Vinka (musician),0,musician,True
Q111530555,Irene Manjeri,2,Q152002,Irene Manjeri,0,pastor,True
Q111533756,Rosemary Kerwegi,2,Q82955,Rosemary Kerwegi,0,politician,True
Q111893827,Eseza Omuto,2,Q1930187,Esther Kazinda,0,journalist,False
Q113462822,Justina Wamae,2,Q43845,Justina Wamae,0,businessperson,False
Q114880467,Kagiri Jane,2,Q82955,Jane Kagiri,0,politician,False
Q115053859,Mary Maingi,2,Q82955,Mary Maingi,0,politician,False
Q116077684,Hadija Namanda,2,Q26481809,Hadija Namanda,0,sports executive,True
Q116226503,Uganda Kwan Sze Pui,2,,Uganda Kwan,0,,False
Q116257607,Lydia Nabunya Nsaale Kitayimbwa,2,Q208762,Lydia Nabunya Nsaale Kitayimbwa,0,chaplain,True
Q116604516,Eunice Otuko Apio,2,Q82955,Eunice Otuko Apio,0,politician,True
Q116790009,Sara Mulindwa,2,Q1930187,Sara Mulindwa,0,journalist,True
Q116923781,Rose Christine Adikini,2,Q8359428,Rose Christine Adikini,0,social activist,True
Q117064817,Rosemary Salmon,2,Q18581305,Rosemary Salmon,0,beauty pageant contestant,True
Q118278863,Jane Ajilo,2,Q11513337,,0,athletics competitor,False
Q118398411,Maureen Nantume,2,Q131524,Maureen Nantume,0,entrepreneur,True
Q118939324,Patricia Munabi,2,Q267936,Patricia Munabi Babiiha,0,executive director,True
Q118985387,Laker Jolly Grace Andruvile Okot,2,Q5268834,Laker Jolly Grace Andruvile Okot,0,information and communications technology,True
Q119843716,Peace Oliver Amuge,2,Q36180,Peace Oliver Amuge,0,writer,True
Q119998661,Jolly Twebaze Ngabirano,2,Q131524,Jolly Twebaze Ngabirano,0,entrepreneur,True
Q122184418,Stella Nekuusa,2,Q43845,Stella Nekuusa,0,businessperson,True
Q124125054,Gabie Ntaate,2,Q639669,Gabie Ntaate,0,musician,True
Q124129599,Winnie Nantongo,2,Q36180,,0,writer,True
Q124526790,Thereza Piloya,2,Q1919436,Thereza Piloya,0,pediatrician,True
Q124670525,Claire Lamunu,2,Q3665646,Claire Lamunu,0,basketball player,True
Q124883282,Anne Nassanga,2,Q177220,Anne Nassanga,0,singer,True
Q124958065,Esther Wamala,2,Q17433421,Esther Wamala,0,science journalist,True
Q125118085,Sofiya Nzau,2,Q177220,Sofiya Nzau,0,singer,False
Q125362345,Judith Mary Amoit,2,Q82955,Judith Mary Amoit,0,politician,True
Q125363328,Christine Akello,2,Q82955,Christine Akello,0,politician,True
Q126405491,Patricia Ochan Okiria,2,,Patricia Ochan Okiria,0,,True
Q126405520,Barbara Kemigisa,2,Q483501,Barbara Kemigisa,0,artist,True
Q126811435,Jennifer Mwijukye,2,,Jennifer Mwijukye,0,,True
Q130219984,Rosemary Byanyima,2,Q39631,Rosemary Byanyima,0,physician,True
Q130550879,Josephine Ahikire,2,Q1569495,Josephine Ahikire,0,lecturer,True
Q131105789,Lydia Mugambi,2,Q33999,Lydia Mugambi,0,actor,True
Q131191143,Esther Nakaziba,2,Q935666,Esther Nakaziba,0,make-up artist,True
Q131228429,Natasha Nyonyozi,2,Q131524,Natasha Nyonyozi,0,entrepreneur,True
Q131466348,Nasejje Jalia,2,,Nasejje Jalia,0,,True
Q133459975,Margret Baagala,2,Q17619498,Margaret Baagala,0,netballer,True
Q133460290,Zahara Nandawula,2,Q11338576,Zahara Nandawula,0,boxer,True
Q133460420,Naava Grey,2,Q639669,Asha Naava Zziwa,0,musician,True
Q133462738,Falidah Kadondi,2,Q17619498,Faridah Kadondi,0,netballer,True
Q133502704,Betty Muzanira,2,Q82955,Betty Muzanira,0,politician,True
Q133525514,Hadija Namale,2,Q639669,Hadija Namale,0,musician,True
Q133530719,Susan Kabonero Muhwezi,2,Q131524,Susan Kabonero Muhwezi,0,entrepreneur,True
Q133567055,Stella Nanteza,2,Q245068,Stella Nanteza,0,comedian,True
Q133800416,Damalie Kisosonkole,2,,Damalie Kisosonkole,0,,True
Q133816475,Josephine Kasya,2,Q82955,Josephine Kasya,0,politician,True
Q133817591,Elizabeth Paula Napeyok,2,Q37226,Elizabeth Paula Napeyok,0,teacher,True
Q133819933,Malyamu Amin,2,Q203184,Malyamu Amin,0,First Lady,True
Q133821411,Brenda Maraka,2,Q3501317,Brenda Maraka,0,fashion designer,True
Q133824398,Norah Amin,2,Q203184,Norah Amin,0,First Lady,True
Q133828172,Prosperous Nankindu Kavuma,2,Q36180,Prosperous Nankindu Kavuma,0,writer,True
Q133828187,Joan Rwabyomere,2,Q40348,Joan Rwabyomere,0,lawyer,True
Q133830126,Elizabeth Muwanga,2,Q384593,Elizabeth Muwanga,0,police officer,True
Q133833461,Ruth Mukama,2,Q3400985,Ruth Mukama,0,academic,True
Q133835773,Martha Kyoshaba,2,Q1569495,Martha Kyoshaba,0,lecturer,True
Q133836482,Margaret Ssebagereka,2,Q82955,Margaret Ssebagereka,0,politician,True
Q133858820,Bernadette Nambi,2,Q1650915,Bernadette Nambi,0,researcher,True
Q133861224,Gladyce Kachope,2,Q1056391,Gladyce Kachope,0,head teacher,True
Q133864830,Aisha Naluzze Batala,2,Q107333445,Aisha Naluzze Batala,0,high court judge,True
Q133868272,Juliet Muzoora Atuhairwe,2,Q37226,Juliet Muzoora,0,teacher,True
Q133879190,Chance Nalubega,2,Q177220,Chance Nalubega,0,singer,True
Q133881066,Catherine Ainembabazi,2,Q15117302,Catherine Ainembabazi,0,volleyball player,True
Q133931136,Maggie Kathewera Banda,2,Q15253558,Maggie Kathewera Banda,0,activist,False
Q133933796,Katherine Namuddu,2,Q36180,Katherine Namuddu,0,writer,True
Q133933916,Gloria Seruwagi,2,Q1569495,Gloria Seruwagi,0,lecturer,True
Q133934002,Rose Nakasi,2,Q1569495,Rose Nakasi,0,lecturer,True
Q133980867,Shamim Mayanja,2,Q1930187,Shamim Mayanja,0,journalist,True
Q134083095,Olivia Wawire,2,Q524778,Olivia Wawire,0,commissioner,True
Q134087849,Sherifah Tumusiime,2,Q131524,Sherifah Tumusiime,0,entrepreneur,True
Q134184129,Beatrice Ayikoru,2,Q80687,Beatrice Ayikoru,0,secretary,True
Q134267589,Omega 256,2,Q639669,Shamim Murerwa,0,musician,True
Q134274413,Peace Mbabazi Kyamukongwire,2,Q639669,Peace Mbabazi Kyamukongwire,0,musician,True
Q134275957,Sandra Nabaggala,2,,Sandra Nabaggala,0,,True
Q134285433,Lilian Ruteraho,2,Q599151,Lilian Ruteraho,0,official,True
Q134549681,Juliana Kaggwa,2,Q2961975,Juliana Kagwa,0,business executive,True
Q135034549,Nimisha Madhvani,2,Q193391,Nimisha Madhvani,0,diplomat,False
Q135110095,Zam Seera,2,,Zam Seera,0,,True
Q135116412,Jovia Nakagolo,2,Q937857,Jovia Nakagolo,0,association football player,True
Q135437535,Yvonne Mpambara,2,Q40348,Yvonne Mpambara,0,lawyer,True
Q136035536,Zahara Maala Luyirika,2,Q82955,Zahara Maala Luyirika,0,politician,False
Q136674050,Tina Wamala,2,Q39809,Tina Wamala,0,marketing,True
Q136759823,Jacklyn Jolly Tukamushaba,2,Q82955,Jacklyn Jolly Tukamushaba,0,politician,True
Q136821745,Laika,2,Q639669,Laika Umuhoza,0,musician,True
Q136954178,Juliet Zawedde,2,Q131524,Juliet Zawedde,0,entrepreneur,True
Q137274362,Jackline Katusiime,2,Q33999,Jackline Katusiime,0,actor,False
Q137606124,Sheila Tusiime,2,Q131524,Sheila Tusiime,0,entrepreneur,True
Q137732933,Rebecca Alitwala Mubezi,2,Q15253558,Rebecca Alitwala Mubezi,0,activist,True
Q137735743,Felister Chekwemoi,2,Q2066131,Felister Chekwemoi,0,athlete,True
Q137735744,Brenda Chekwemoi,2,Q2066131,Brenda Chekwemoi,0,athlete,True
Q137755846,Bentalin Yeko,2,Q2066131,Bentalin Yeko,0,athlete,True
Q137991249,Namatende Eunice,2,Q82955,Eunice Namatende,0,politician,True
Q137994254,Enid Origumisiriza,2,Q37226,Enid Origumisiriza,0,teacher,True
Q138001320,Acom Esther,2,Q82955,Esther Lucy Acom,0,politician,True
Q138127827,Alinaitwe Sylvia Tumuheirwe,2,Q82955,Sylvia Tumuheirwe Alinaitwe,0,politician,True
Q138751304,Acan Joyce Okeny,2,Q82955,Acan Joyce Okeny,0,politician,True
Q138755482,Anne K. Rweyora,2,Q11287574,Anne K. Rweyora,0,industrial designer,True
Q138787843,Olum Lornah Afoyomungu,2,Q36180,Olum Lornah Afoyomungu,0,writer,True
Q138792888,Benedicta Nanyonga,2,Q267936,Benedicta Nanyonga,0,executive director,True
Q139554921,Lakisa Mercy Faith,2,Q82955,Mercy Faith Lakisa,0,politician,True
Q139623379,Sarah Kizito,2,Q131524,Sarah Kizito,0,entrepreneur,True
Q139659797,Esther Kyozira,2,Q267936,Esther Kyozira,0,executive director,True
Q139759016,Prudence Nyamishana,2,Q1476215,Prudence Nyamishana,0,human rights defender,True
Q139780505,Mable Amuron,2,Q36180,Mable Amuron,0,writer,True
Q139845233,Sanyu Penelope,2,Q36180,Sanyu Penelope,0,writer,False
Q15429947,Anne Merriman,2,Q39631,Anne Merriman,0,physician,False
Q15838608,Gloria Najjuka,2,Q13141064,,0,badminton player,False
Q17118982,Princess Jane Mpologoma Nabanakulya,2,Q186360,Jane Mpologoma Nabanakulya,0,nurse,True
Q21782698,R. J. Anderson,2,Q4853732,R. J. Anderson,0,children's writer,False
Q22005780,Suzan Kerunen,2,Q639669,Suzan Kerunen,0,musician,True
Q22007181,Diana Nkesiga,2,Q3409375,Diana Nkesiga,0,Anglican priest,True
Q24572355,Kevinah Taaka Wanaha Wandera,2,Q82955,Kevinah Taaka Wanaha Wandera,0,politician,True
Q32540023,Elizabeth Nantale Mulondo,2,Q82955,Elizabeth Nantale Mulondo,0,politician,True
Q38367025,Susan Aneno,2,Q13381753,,0,middle-distance runner,False
Q3850433,Mary Asiride,2,Q33999,,0,actor,False
Q41693469,Nawe Molly Kamukama,2,Q82955,Molly Nawe Kamukama,0,politician,True
Q42530525,Annette Nkalubo,2,Q40348,Annette Nkalubo,0,lawyer,True
Q43302089,Enid Mirembe,2,Q4610556,Enid Mirembe,0,model,True
Q43844651,June Kyakobye,2,Q13382519,June Kyakobye,0,table tennis player,True
Q45322748,Elizabeth Musoke,2,Q16533,Elizabeth Musoke,0,judge,False
Q47004197,Jean Sseninde,2,Q937857,Jean Sseninde,0,association football player,True
Q54226255,Peninnah Kabenge,2,Q50995749,Peninah Kabenge,0,sportsperson,True
Q5458060,Flavia  Nabugere Munaaba,2,Q82955,Flavia Munaaba,0,politician,True
Q55234995,Crystal Newman,2,Q497240,Crystal Newman,0,master of ceremonies,True
Q55859679,Yvette Mutumba,2,Q403908,,0,curator,False
Q56065110,Jolly Nankunda,2,Q1919436,Jolly Nankunda,0,pediatrician,True
Q56222345,Annet Nandujja,2,Q177220,Annet Nandujja,0,singer,True
Q56247899,Apio Moro,2,Q639669,Apio Moro,0,musician,True
Q56544043,Rose Clarke Nanyonga,2,Q42973,Rose Clarke Nanyonga,0,architect,True
Q56599964,Zahara Nakiyaga,2,Q18581305,Zahara Nakiyaga,0,beauty pageant contestant,True
Q56616505,Grace Nakibaala,2,,Grace Nakibaala,0,,True
Q56824717,Christine Obbo,2,Q4773904,Christine Obbo,0,anthropologist,True
Q58416633,Justine Nakagiri Ssemwanga,2,Q326653,Justine Nakagiri Ssemwanga,0,accountant,True
Q59777608,Irene Ikomu,2,Q40348,Irene Ikomu,0,lawyer,True
Q62067246,Egunyu Janepher Nantume,2,Q37226,Egunyu Janepher Nantume,0,teacher,True
Q6395424,Ketna Patel,2,Q483501,Ketna Patel,0,artist,False
Q64781743,Polly Namaye,2,Q1930187,Polly Namaye,0,journalist,True
Q64825267,Lucy Aber Okumu,2,Q18510502,,0,javelin thrower,False
Q65061857,Nambi,2,,Nambi (mythology),0,,True
Q65499922,Lillian Zawedde,2,Q1930187,Lillian Zawedde,0,journalist,True
Q65588628,Mary Cholhok Nuba,2,Q17619498,Mary Cholhok Nuba,0,netballer,True
Q65971455,Selina Katumba,2,Q10843402,Selina Katumba,0,swimmer,True
Q66809379,Peninah Nakabo,2,Q2732142,Peninah Nakabo,0,statistician,False
Q67001391,Gladys Mbabazi,2,Q13141064,,0,badminton player,False
Q67131690,Stella Wonruku,2,Q11513337,Stella Wonruku,0,athletics competitor,False
Q67196952,Stella Nanfuka,2,Q3665646,Stella Nanfuka,0,basketball player,True
Q67196959,Lilian Ajio,2,Q17619498,Lilian Ajio,0,netballer,True
Q67197319,Muhayimina Namuwaya,2,Q3665646,Muhayimina Namuwaya,0,basketball player,True
Q67197323,Joan Nampungu,2,,Joan Nampungu,0,,True
Q67197329,Jesca Achan,2,,Jesca Achan,0,,True
Q67197330,Betty Kizza,2,Q17619498,Betty Kizza,0,netballer,True
Q67312720,Ben Mary Muwanga,2,Q37226,Ben Mary Muwanga,0,teacher,True
Q70737484,Samallie Kiyingi,2,Q40348,Samallie Kiyingi,0,lawyer,False
Q76453554,Sylvia Namutebi,2,Q4610556,Sylvia Namutebi,0,model,True
Q76854884,Dorrys Mutahunga,2,Q177220,Dorrys Mutahunga,0,singer,True
Q83960137,Naomi Karungi,2,Q47064,Naomi Karungi,0,military personnel,True
Q84991115,Nakanyike B. Musisi,2,Q201788,Nakanyike Musisi,0,historian,True
Q85001860,Jeninah Karungi,2,Q1781198,Jeninah Karungi,0,agronomist,True
Q90924025,Milly Mugeni,2,Q4175034,Milly Mugeni,0,legislator,True
Q91031189,Lynnette Kyokunda,2,Q1569495,Lynnette Tumwine Kyokunda,0,lecturer,True
Q91272577,Annet Kirabo,2,Q1622272,Annet Kirabo,0,university teacher,True
Q95113865,Elizabeth Ibanda–Nahamya,2,Q16533,Elizabeth Ibanda-Nahamya,0,judge,True
Q96107310,Caroline Asiimwe,2,Q202883,Caroline Asiimwe,0,veterinarian,True
Q96587189,Rukh-Shana Namuyimba,2,Q1930187,Rukh-Shana Namuyimba,0,journalist,False
Q96958851,Faridah Nambi,2,Q82955,Faridah Nambi,0,politician,True
Q97062217,Phionah Atuhebwe,2,Q96781864,Phionah Atuhebwe,0,vaccinologist,True
Q98608868,Sarah Langa Siu,2,Q40348,Sarah Langa Siu,0,lawyer,False
Q99421388,Esther Nabaasa,2,Q177220,Esther Nabaasa,0,singer,True
Q106032830,Faridah Nabaggala,1,Q36180,,0,writer,False
Q106462736,Prossy Mirembe,1,Q16004471,,0,kayaker,False
Q106558183,Lynda Ddane,1,Q130857,,0,disc jockey,True
Q106781639,Constance Rwabiryagye,1,Q18510502,,0,javelin thrower,False
Q107471388,Regina Awori,1,Q11513337,,0,athletics competitor,False
Q107486281,Theresa Nakisuyi,1,Q11513337,,0,athletics competitor,False
Q109476534,Olive Birungi Lumonya,1,Q2961975,,0,business executive,False
Q110974165,Phoebe Banura,1,Q937857,,0,association football player,False
Q110975815,Hellen Obol,1,Q2855502,,0,chief of police,False
Q110980332,Resty Nanziri,1,Q937857,,0,association football player,False
Q111026480,Irene Kyamummi,1,Q39631,,0,physician,False
Q111420850,Lematia Ruth Molly Ondoru,1,Q82955,Lematia Ruth Molly Ondoru,0,politician,False
Q111434014,Pinky (musician),1,,,0,,True
Q111534595,Karol Kasita,1,Q177220,,0,singer,True
Q115154265,Grace Nduta,1,Q82955,Grace Nduta,0,politician,False
Q115933456,Amama Thornley,1,Q6500773,,0,general practitioner,False
Q116301523,Hope Keshubi,1,Q36180,Hope Keshubi,0,writer,False
Q116378798,Carol Nantongo,1,Q639669,,0,musician,True
Q116925810,Tracy Naluwooza,1,Q13141064,,0,badminton player,False
Q117021750,Florence Ebila,1,Q64461822,,0,lecturer,False
Q117474177,Rebecca Margaret Nyegenye,1,,Rebecca Margaret Nyegenye,0,,False
Q118130262,Alice Kibombo,1,Q182436,,0,librarian,False
Q118945362,Patience Nabukalu,1,Q61048378,Patience Nabukalu,0,climate activist,False
Q118946885,Lillian Nalwoga,1,Q859482,Lillian Nalwoga,0,secretariat,False
Q118955296,Sarah Kiden,1,Q5268834,Sarah Kiden,0,information and communications technology,False
Q122365737,Precious Kaijuka,1,Q2462658,,0,manager,False
Q122817316,Judith Nangonzi,1,Q13382519,,0,table tennis player,False
Q126678603,Mary Tarcisia Lakot,1,Q191808,Mary Tarcisia Lakot,0,nun,False
Q130640738,Ruth Wanyana,1,Q10800557,,0,film actor,True
Q131176537,Robinah Nansubuga,1,Q674426,Robinah Nansubuga,0,curator,False
Q131278952,Joan Agaba,1,Q33999,,0,actor,False
Q131531712,Lydia  Gatundu Galavu,1,Q483501,Lydia Gatundu Galavu,0,artist,False
Q131560596,Sharifah Buzeki,1,Q1056396,Sharifah Buzeki,0,human resource management,False
Q133198537,Bianka Black,1,Q161850,,0,nude model,False
Q133459972,Christine Nakitto,1,Q17619498,Christine Nakitto,0,netballer,False
Q133459986,Shadiah Nassanga,1,Q17619498,Shadia Nassanga,0,netballer,False
Q133460267,Gloria Bugie,1,Q639669,,0,musician,False
Q133460273,Sarah Nakiyunga,1,Q17619498,Sarah Nakiyunga,0,netballer,False
Q133462692,Norah Lunkuse,1,Q17619498,Norah Lunkuse,0,netballer,False
Q133462790,Sandra Nambirige,1,Q17619498,Sandra Nambirige,0,netballer,False
Q133852624,Irene Marjorie Kabamori,1,,Irene Marjorie Kabamori,0,,False
Q133863552,Nasiimu Mutesi,1,Q12840545,Nasiimu Mutesi,0,handball player,False
Q133870664,Tereza Kuribakanya Kibwetere,1,,Tereza Kuribakanya Kibwetere,0,,False
Q135189330,Dorothy Okatch,1,Q2182752,,0,basketball official,False
Q136450031,,1,,,0,,False
Q136734654,Gloria Wavamunno,1,Q131524,,0,entrepreneur,False
Q136734666,Viola Nimuhamya,1,Q483501,,0,artist,True
Q136786864,Brenda Kugonza,1,Q267936,Brenda Kugonza,0,executive director,False
Q136786867,Joanita Babirye,1,,,0,,False
Q136786869,Florence Masuliya,1,Q267936,Florence Masuliya,0,executive director,False
Q136865193,Anna Makula,1,Q639669,,0,musician,True
Q136868303,Etania Mutoni,1,Q2906862,Etania Mutoni,0,influencer,False
Q136868779,Charity Kalebbo Ahimbisibwe,1,Q40348,Charity Kalebbo Ahimbisibwe,0,lawyer,False
Q137274425,Lakwena Maciver,1,Q3391743,Lakwena Maciver,0,visual artist,False
Q137819555,Anisa Nandaula,1,Q49757,Anisa Nandaula,0,poet,False
Q138545573,Meridah Nandudu,1,Q131524,,0,entrepreneur,False
Q138575108,Theresa Odongo-Oduka,1,Q82955,,0,politician,False
Q138682342,Alice Muhoozi,1,Q175301,Alice Muhoozi,0,speechwriter,False
Q138774843,Pamela Judith Angwech,1,Q267936,Pamela Judith Angwech,0,executive director,False
Q138793073,Nashiba Nakabira,1,Q1416754,Nashiba Nakabira,0,youth worker,False
Q138800911,Evelyn Zalwango,1,Q43845,Evelyn Zalwango,0,businessperson,False
Q139325836,Namara Catherine Misango,1,Q39631,Namara Catherine Misango,0,physician,False
Q139770272,Mercy Nalugo,1,Q36180,Mercy Nalugo,0,writer,False
Q139801645,Shamim Nabuuma Kaliisa,1,Q131524,,0,entrepreneur,False
Q139857915,Janet  Nsibirwa Mdoe,1,,Janet Nsibirwa Mdoe,0,,False
Q139915643,Judyth Nsababera,1,Q193391,Judyth Nsababera,0,diplomat,False
Q140921125,Malaika Tenish Nnyanzi,1,,Malaika Tenish Nnyanzi,0,,False
Q16234174,Shanti Dynamite,1,Q138858,,0,entertainer,False
Q16733766,Sunday Omony,1,Q4610556,Sunday Omony,0,model,False
Q23007867,Esther Madudu,1,,Esther Madudu,0,,False
Q4957775,Salome Kabengano,1,Q3665646,,0,basketball player,False
Q50701530,Samantha Nassolo,1,Q4610556,,0,model,False
Q52340448,Joy Tukahirwa,1,Q1895303,,0,forester,False
Q56065559,Leah Kagasa,1,Q18581305,Leah Kagasa,0,beauty pageant contestant,False
Q57332707,Grace Ndagire,1,Q13382576,,0,rower,False
Q61082251,Carolyne Ekyarisiima,1,Q131524,,0,entrepreneur,False
Q62396169,Scovia Ayikoru,1,Q11513337,,0,athletics competitor,False
Q62629775,Peninnah Tukamwesiga,1,Q40348,Peninnah Tukamwesiga,0,lawyer,False
Q77869778,Deborah Odong,1,Q33999,,0,actor,False
Q9286301,Happy Mary Bacia,1,Q11513337,,0,athletics competitor,False
Q96475187,Achola Rosario,1,Q1930187,,0,journalist,False
Q96481416,Shanita Namuyimba,1,Q639669,,0,musician,True
