qitem,label,statements,occupation_names,description
Q27267574,Fiona Catherine Ssozi,23,badminton player,badminton player
Q27817651,Annet Nakamya,22,badminton player,badminton player
Q119539254,Paige Robinson,22,basketball player,American-Ugandan basketball player
Q27267563,Sauda Nabawesi,22,badminton player,badminton player
Q27817645,Helen Luziika,21,badminton player,badminton player
Q66686258,Jamila Nansikombi,20,basketball player,Ugandan basketball player (born 1997)
Q117860013,Sharifah Wanyana,19,badminton player,badminton player
Q139955393,Kruthum Nalumansi,17,badminton player,badminton player
Q133835954,Shilah Lamunu,17,basketball player,Ugandan basketball player (born 2004)
Q140658499,Vivian Nalule,17,badminton player,badminton player
Q138291849,Assumpta Owomugisha,15,badminton player,badminton player
Q141349151,Hosea Kiprop,15,athlete,Ugandan middle distance runner
Q119562207,Leslie Vorpahl,15,basketball player,American basketball player (born 1995)
Q135338492,Mary Moses Amaniyo,15,basketball player,Ugandan basketball player (born 2003)
Q133835936,Shakirah Nanvubya,15,basketball player,Ugandan basketball player (born 2000)
Q134887604,Sharifah Nalwadda,15,basketball player,Ugandan basketball player (born 2004)
Q119562956,Sharon Karungi,15,basketball player,Ugandan basketball player (born 1990)
Q119557618,Urysla Cotton,15,basketball player,Ugandan basketball player (born 1988)
Q133460251,Erina Namutebi,14,boxer,Ugandan boxer
Q133881012,Joan Tushemereirwe,14,volleyball player,Ugandan volleyball player
Q138604787,Monica Nakityo Nakagande,14,badminton player,badminton player
Q134873896,Sarah Ageno,14,basketball player,Ugandan basketball player (born 1996)
Q133835913,Agatha Kamwada,13,basketball player,Ugandan basketball player (born 2000)
Q133836260,Evelyn Anyipo,13,cricketer,Ugandan cricketer
Q133836403,Irene Mutonyi,13,cricketer,Ugandan cricketer
Q135391858,Josephine Salmon,13,basketball player,English basketball player (born 1991)
Q133881189,Margret Namyalo,13,volleyball player,Volleyball player
Q133835895,Modesta Anyango,13,basketball player,Ugandan basketball player (born 2007)
Q140562277,Namyalo Faridah,13,boxer,Ugandan boxer
Q134078752,Olivia Mukaya,13,chess player,Ugandan chess player
Q135105159,Shakira Nasaka,13,netballer,Ugandan netball player
Q135155053,Shamirah Nassolo,13,netballer,Ugandan netball player
Q134819502,Sylvia Nantongo,13,basketball player,Ugandan basketball player (born 2004)
Q135111242,Alice Winnie Isoto,12,basketball player,Ugandan basketball player (born 2000)
Q134078842,Elna Mercy Lakica,12,chess player,Ugandan chess player and politician
Q134078806,Evelyn Namugalu,12,chess player,Ugandan chess player
Q133880409,Flavia Nandawula,12,volleyball player,Volleyball player
Q135353336,Francesca Kyamagero,12,basketball player,Irish basketball player (born 2008)
Q134078721,Irene Nakibuule,12,chess player,Ugandan chess player
Q133863749,Judith Nansobya,12,basketball player,Ugandan basketball player (born 1986)
Q133835966,Keren Longom,12,basketball player,Ugandan basketball player (born 2002)
Q133462786,Mercy Batamuliza,12,netballer,Ugandan netball player
Q140562336,Nagawa Vanessa,12,boxer,Ugandan amateur boxer
Q140562303,Nakandi Judith,12,boxer,Ugandan boxer
Q135342857,Olivia Kolo,12,basketball player,Swedish basketball player (born 1986)
Q133863760,Olivia Nalubega,12,kabaddi player,"Ugandan football ,netball and volleyball player"
Q135152124,Patricia Arago,12,netballer,Ugandan netball player
Q133836106,Prosscovia Alako,12,cricketer,Ugandan female cricketer
Q135361848,Rose Macuei,12,basketball player,South Sudanese basketball player (born 2000)
Q134078158,Sharon Namujju,12,chess player,Ugandan chess player
Q133828909,Sharua Ndagire,12,boxer,Ugandan boxer
Q140996063,Abigael K Muttamba,11,swimmer,Ugandan swimmer
Q135338426,Abigail Mpoza,11,basketball player,Ugandan basketball player (born 2007)
Q134078045,Angel Patricia Asiimwe,11,chess player,Ugandan chess player
Q134008612,Angel Tiffany Mwagale,11,chess player,Ugandan chess player
Q135338466,Angella Auma,11,basketball player,Ugandan basketball player (born 2007)
Q133863726,Angella Namirimu,11,basketball player,Ugandan basketball player (born 1990)
Q135338519,Bridget Aber,11,basketball player,Ugandan basketball player (born 2001)
Q133835927,Bushira Namayanja,11,basketball player,Ugandan basketball player (born 2007)
Q135338476,Christine Namyalo,11,basketball player,Ugandan basketball player (born 2006)
Q135338478,Darlene Tashobya,11,basketball player,Ugandan basketball player (born 2005)
Q87479217,Diana Turyanabo,11,boxer,Ugandan Boxer
Q140590182,Eleanor Amali Achidria,11,swimmer,Ugandan swimmer
Q133863677,Elizabeth Kizza,11,basketball player,Ugandan basketball player (born 1982)
Q134078877,Faith Mwesigwa,11,chess player,Ugandan chess player
Q124289214,Florence Nakagwa,11,sport cyclist,Ugandan cyclist
Q133880318,Grace Akiror,11,volleyball player,Volleyball player
Q114232444,Hadijah Najjuko,11,sport cyclist,cyclist
Q135338435,Hope Sisto,11,basketball player,Ugandan basketball player (born 2008)
Q136734560,Katrina Sarah Ssangalyambogo,11,,Buganda Kingdom Princess
Q134078628,Leila Namirembe,11,chess player,Ugandan chess player
Q135188389,Lia Kaishiki Mosimann,11,tennis player,tennis player
Q133459974,Lillian Achola,11,netballer,Ugandan netball player
Q135338498,Linda Aber,11,basketball player,Ugandan basketball player (born 2003)
Q133836121,Malisa Ariokot,11,cricketer,Ugandan cricketer
Q135338615,Mariam Birungi,11,basketball player,Ugandan basketball player (born 1984)
Q135338486,Mariam Namukwaya,11,basketball player,Ugandan basketball player (born 2005)
Q134821662,Martina Anyango,11,basketball player,Ugandan basketball player
Q134008832,Michelle Kobugabe,11,chess player,Ugandan chess player
Q133836127,Mohammed Jimia,11,cricketer,Ugandan female cricketer
Q141365783,Monica Akullu,11,athletics competitor,Ugandan track and field athlete
Q135338619,Monica Siima,11,basketball player,Ugandan basketball player (born 1976)
Q133863664,Moreen Amoding,11,basketball player,Ugandan basketball player (born 1990)
Q140562252,Natukunda Peace,11,boxer,Ugandan boxer
Q133893781,Patience Angel Atella,11,chess player,Ugandan chess player
Q133880536,Racheal Achieng,11,volleyball player,Volleyball player
Q114232443,Rehema Nabanoba,11,sport cyclist,cyclist
Q135338484,Sarah Namale,11,basketball player,Ugandan basketball player (born 2005)
Q134008733,Scarlett Mbaaga Murungi,11,chess player,Ugandan chess player
Q133893756,Sheba Valentine Naisanga,11,chess player,Ugandan chess player
Q133460318,Suzan Ddumba Namatovu,11,netballer,Ugandan netball player
Q134078679,Veritah Blessed Kansiime,11,chess player,Ugandan chess player
Q135058838,,11,tennis player,tennis player from Uganda
Q135064792,,11,tennis player,Tennis Player
Q140591521,Abisagi N Mugenyi,10,swimmer,Ugandan swimmer
Q134626320,Agnes Akanyo,10,volleyball player,Ugandan professional volleyball player
Q134008565,Agnes Nakamatte,10,chess player,Ugandan chess player
Q134077932,Aine Atubet,10,chess player,Chess player
Q133881140,Auma Naume,10,volleyball player,Volleyball player
Q133881297,Bamanya Komil,10,volleyball player,Volleyball player
Q135338516,Bronnie Kusiima,10,basketball player,Ugandan basketball player (born 2000)
Q134008593,Catherine Ampaire,10,chess player,Ugandan chess player
Q135338474,Christine Saima,10,basketball player,Ugandan basketball player (born 2006)
Q134626237,Comfort Twesiime,10,volleyball player,Ugandan professional volleyball player
Q135338456,Diana Letaru,10,basketball player,Ugandan basketball player (born 2005)
Q135338518,Emily Nerima,10,basketball player,Ugandan basketball player (born 2001)
Q133836265,Esther Iloku,10,cricketer,Ugandan female cricketer
Q134008457,Esther Nampiima,10,chess player,Ugandan chess player
Q134005538,Fazirah Zahara Kyalisima,10,chess player,Ugandan chess player
Q134005456,Felicity Namatovu,10,chess player,Ugandan chess player
Q133842650,Fildauce Namulema,10,basketball player,Ugandan basketball player (born 2001)
Q134005261,Fiona Atuhaire,10,chess player,Ugandan chess player
Q133880549,Flavia Umuhoza,10,volleyball player,Volleyball player
Q141164178,Gianna Opolot Acuo,10,,Ugandan swimmer
Q133880349,Habiba Namala,10,volleyball player,Volleyball player
Q133881237,Hadijja Namulindwa,10,volleyball player,Volleyball player
Q133934015,Hailey Nio Mitchelle,10,chess player,Chess player
Q133830118,Hanisha Muhammad,10,netballer,Ugandan netball player
Q133933183,Hannah Zion Mawejje,10,chess player,Chess player
Q133937282,Hellen Ainebyonya,10,chess player,Ugandan chess player
Q133936125,Iculet Chanelle Manuela Okurut,10,chess player,Chess player
Q135338468,Immaculate Adongpiny,10,basketball player,Ugandan basketball player (born 2006)
Q133880577,Jennifer Alungat,10,volleyball player,Volleyball player
Q134275683,Joan Mukoova,10,,Beach wood ball player
Q135338538,Joan Namatovu,10,basketball player,Ugandan basketball player (born 1999)
Q133462814,Joan Ryekoboth,10,netballer,Ugandan netball player
Q134008477,Josephine Najjemba,10,chess player,Chess player
Q135338493,Joy Nyapenda,10,basketball player,Ugandan basketball player (born 2004)
Q133893636,Joyce Kabengano,10,chess player,Ugandan chess player
Q135338433,Karen Bamanya,10,basketball player,Ugandan basketball player (born 2008)
Q140589485,Katende Jovan,10,boxer,Ugandan boxer
Q135338494,Kwagala Esrher Namiro,10,basketball player,Ugandan basketball player (born 2003)
Q134008532,Lillian Nakiyaga,10,chess player,Ugandan chess player
Q135338542,Lisa Karungi De Ruijter,10,basketball player,Ugandan basketball player (born 1988)
Q114232442,Marion Ayebale,10,sport cyclist,cyclist
Q135338504,Martha Nandutu,10,basketball player,Ugandan basketball player (born 2000)
Q135338575,Martha Soigi,10,basketball player,Ugandan basketball player (born 1986)
Q136899261,Mary Aleper,10,sport cyclist,Ugandan sport cyclist
Q140592117,Meghan Ahumuza,10,,Ugandan swimmer
Q135338419,Melinda Angee Laker,10,basketball player,Ugandan basketball player (born 2007)
Q135338434,Melissa Margareth Taliba,10,basketball player,Ugandan basketball player (born 2008)
Q135338490,Mia Belinda Alaba,10,basketball player,Ugandan basketball player (born 2007)
Q133881044,Moreen Mwamula,10,volleyball player,Volleyball player
Q140480479,Namuyomba Aisha,10,netballer,Ugandan professional netball player
Q135338586,Olivia Mulwana,10,basketball player,Ugandan basketball player (born 1980)
Q135338536,Patience Akankunda,10,basketball player,Ugandan basketball player (born 1999)
Q135338497,Patience Karungi,10,basketball player,Ugandan basketball player (born 2004)
Q135338503,Patience Mauso,10,basketball player,Ugandan basketball player (born 2000)
Q135338500,Patience Nantume,10,basketball player,Ugandan basketball player (born 2003)
Q133893576,Patricia Kawuma,10,chess player,Ugandan chess player
Q135338432,Patricia Nalugo,10,basketball player,Ugandan basketball player (born 2007)
Q133893717,Pauline Biyinzika,10,chess player,Ugandan chess player
Q136382312,Perus Nyamwenge,10,basketball player,Ugandan basketball player (born 2000)
Q133842610,Privas Kayeny,10,"basketball player, netballer",Ugandan netball player
Q134009124,Rebecca Nakawunde,10,chess player,Ugandan chess player
Q135338499,Regina Ajuma,10,basketball player,Ugandan basketball player (born 2003)
Q135338420,Resty Nanangwe,10,basketball player,Ugandan basketball player (born 2007)
Q135338555,Ruth Letaru,10,basketball player,Ugandan basketball player (born 1997)
Q133881305,Saidat Nnungi,10,volleyball player,Volleyball player
Q135338525,Sarafina Driciru,10,basketball player,Ugandan basketball player (born 1998)
Q134626577,Scholar Akello,10,volleyball player,Ugandan professional volleyball player
Q133881157,Scholastica Akello,10,volleyball player,Volleyball player
Q135338513,Shadia Mbwali,10,basketball player,Ugandan basketball player (born 2001)
Q133836384,Shakirah Sadick,10,cricketer,cricketer
Q136381908,Sharon Kirabo Nangobi,10,basketball player,Ugandan basketball player (born 1996)
Q135338469,Sharon Lamwaka,10,basketball player,Ugandan basketball player (born 2006)
Q134008771,Sherry Ariella Agaba,10,chess player,Chess player
Q135338438,Shiphrah Kiranda,10,basketball player,Ugandan basketball player (born 2008)
Q140996127,Shona Sozo Kamara,10,,Ugandan swimmer
Q135338422,Sonia Okulu Aber,10,basketball player,Ugandan basketball player (born 2007)
Q133893778,Suhana Anil Yadav,10,chess player,Chess player
Q133881178,Supernatural Mbakusiimira,10,volleyball player,Volleyball player
Q135338496,Sylvia Namuddu,10,basketball player,Ugandan basketball player (born 2003)
Q133893651,Talent Nuwareeba,10,chess player,Chess player
Q136380756,Tracy Namugosa,10,basketball player,Ugandan basketball player (born 2000)
Q134008689,Valeria Nampiima,10,chess player,Ugandan chess player
Q134005566,Vanessa Nabaggala,10,chess player,Ugandan chess player
Q133893762,Victoria Nakiirya,10,chess player,Ugandan chess player
Q135338485,Zoe Atek,10,basketball player,Ugandan basketball player (born 2005)
Q135182389,,10,tennis player,tennis player from Uganda
Q141156805,A'Maria Pegues,9,basketball player,Ugandan basketball player (born 2010)
Q135338540,Aaliyah Naluyima,9,basketball player,Ugandan basketball player (born 1999)
Q134113207,Abigail Katende,9,motocross rider,Motorsport rally driver
Q133893695,Abigail Kirabo,9,chess player,Ugandan chess player
Q140627605,Adrainna Nabaggala,9,,Ugandan swimmer
Q133863700,Aisha Nakabubi,9,basketball player,Ugandan basketball player (born 1991)
Q135338515,Aisha Namakula,9,basketball player,Ugandan basketball player (born 2000)
Q133893720,Allen Kyolaba Nabacwa,9,chess player,Ugandan chess player
Q140558933,Ampaire Brenan,9,chess player,Uganda Chess Federation
Q140590096,Anaya Hailey Karuhanga,9,swimmer,Ugandan swimmer
Q139838429,Anek Patricia,9,rugby player,Ugandan rugby player
Q134008542,Angel Luggya,9,chess player,Chess player
Q136381272,Ashmin Charaniya,9,basketball player,Ugandan basketball player (born 2010)
Q133459977,Atulinda Moureen,9,basketball player,Ugandan basketball player (born 1989)
Q140681285,Audrey  Elnorah Nyonyintono,9,,Ugandan swimmer
Q135183708,Barbra Nakiwala,9,netballer,Ugandan netball player
Q135338487,Bernadette Babirye Nalweyiso,9,basketball player,Ugandan basketball player (born 2005)
Q136381223,Brandina Kyalimpa,9,basketball player,Ugandan basketball player (born 2009)
Q135338531,Brenda Edith Ayere,9,basketball player,Ugandan basketball player (born 1998)
Q133936823,Brendah Kyaterekera,9,chess player,Chess player
Q135178388,Carol Nakamya,9,netballer,Ugandan netball player
Q135338592,Caroline Nantalo,9,basketball player,Ugandan basketball player (born 1986)
Q135338576,Caroline Nyafwono,9,basketball player,Ugandan basketball player (born 1986)
Q140735346,Cedella Winfred Nabwire.,9,,Ugandan swimmer
Q136381270,Charis Buyinga,9,basketball player,Ugandan basketball player (born 2010)
Q136381269,Cherish Muna,9,basketball player,Ugandan basketball player (born 2010)
Q133932947,Christine Audrey Babirye,9,chess player,Ugandan chess player
Q134277634,Christine Birungi,9,,Beach wood ball player
Q134005382,Dasha Zalwango Kibuule,9,chess player,Chess player
Q134626263,Diana Assimwe,9,volleyball player,Ugandan professional volleyball player
Q134979377,Diana Atwine,9,boxer,Ugandan boxer
Q133857550,Doreen Mbabazi,9,field hockey player,Ugandan field hockey player
Q133863943,Dorothy Nagawa,9,kabaddi player,"Ugandan national female kabaddi team player,Khokho sport player"
Q134627168,Dorren Akiteng,9,volleyball player,Ugandan professional volleyball player
Q133863858,Edinah Nattabi,9,kabaddi player,"She Gladiators team player, Kho Kho player"
Q134005492,Elizabeth Fiona Ndagire,9,chess player,Ugandan chess player
Q133933239,Elizabeth Saasi,9,chess player,Ugandan chess player
Q140471605,Emily Nagawa,9,basketball player,Ugandan professional basketball player
Q133893793,Esther Getrude Namuli,9,chess player,Ugandan chess player
Q133881087,Eunice Amuron,9,volleyball player,Volleyball player
Q134008760,Faridah Nabukeera,9,chess player,Ugandan chess player
Q135338495,Getrude Nyamutoro,9,basketball player,Ugandan basketball player (born 2006)
Q136381210,Gifty Anena,9,basketball player,Ugandan basketball player (born 2010)
Q133852893,Grace Nankinga,9,boxer,Boxer
Q136381211,Grace Walusimbi,9,basketball player,Ugandan basketball player (born 2010)
Q136381208,Hafusah Kyomuhendo,9,basketball player,Ugandan basketball player (born 2010)
Q135338535,Hajara Najjuko,9,basketball player,Ugandan basketball player (born 1998)
Q135338608,Halima Nabasumba,9,basketball player,Ugandan basketball player (born 1991)
Q133933011,Hannah Mariam Ayikoru,9,chess player,Ugandan chess player
Q134008847,Happy Britney Namirimu,9,chess player,Ugandan chess player
Q135338566,Harriet Chotabhai,9,basketball player,Ugandan basketball player (born 1996)
Q135338439,Husnah Namagembe,9,basketball player,Ugandan basketball player (born 2007)
Q134275060,Jackie Naula,9,,Beach wood ball player
Q133893645,Joan Ahereza,9,chess player,Ugandan chess player
Q136381209,Josephine Aminat,9,basketball player,Ugandan basketball player (born 2009)
Q136381224,Jovia Anena,9,basketball player,Ugandan basketball player (born 2010)
Q140753972,Joy Mirembe Namagembe,9,,Ugandan swimmer
Q135338605,Joyce Zalwango,9,basketball player,Ugandan basketball player (born 1990)
Q133848570,Judith Komugisha,9,golfer,Golfer
Q133893687,Juliet Asaba,9,chess player,Ugandan chess player
Q136381273,Kabeera Kwizera,9,basketball player,Ugandan basketball player (born 2009)
Q134626222,Ketty Aluka,9,volleyball player,Ugandan professional volleyball player
Q134008421,Lenah Ampumuza,9,chess player,Ugandan chess player
Q135338455,Leticia Awor,9,basketball player,Ugandan basketball player (born 1995)
Q16573040,Lucy Angucia,9,athletics competitor,Ugandan athletics competitor
Q133933971,Mackline Nakatudde,9,chess player,Ugandan chess player
Q135338610,Mariam Tamale,9,basketball player,Ugandan basketball player (born 1991)
Q136381140,Marion Apio,9,basketball player,Ugandan basketball player (born 2009)
Q133934036,Mary Anne Namutebi,9,chess player,Ugandan chess player
Q141156838,Mary Hazel Ssengendo,9,basketball player,Ugandan basketball player (born 2008)
Q133893708,Mary Kevin Ndagire,9,chess player,Ugandan chess player
Q134979311,Mary Nantumbwe,9,boxer,Ugandan boxer
Q133893715,Milly Takali,9,chess player,Ugandan chess player
Q134626279,Monica Aloyo,9,volleyball player,Ugandan professional volleyball player
Q134008748,Mukisa Glory Bbumba,9,,Chess player
Q134276343,Noeline Babirye Nalwoga,9,,Beach wood ball player
Q140681438,Noelle Nakisuyi,9,,Ugandan swimmer
Q134626772,Oliver Acan,9,volleyball player,Ugandan professional volleyball player
Q135338436,Olivia Amani Atima,9,basketball player,Ugandan basketball player (born 2008)
Q133893789,Olivia Asiimwe,9,chess player,Ugandan chess player
Q135111915,Olivia Nakato,9,netballer,Ugandan netball player
Q134627341,Patricia Musubika,9,volleyball player,Ugandan professional volleyball player
Q134279976,Peace Busingye,9,beach volleyball player,Beach volleyball player
Q135338501,Penitah Nabakooza,9,basketball player,Ugandan basketball player (born 2003)
Q135338475,Priscillar Nambogo,9,basketball player,Ugandan basketball player (born 2005)
Q134008712,Promise Siarah Ainembabazi,9,chess player,Ugandan chess player
Q133880520,Prossy Alobo,9,volleyball player,Volleyball player
Q140681479,Rachael Amito,9,,Ugandan swimmer
Q134009469,Rahmah Nabatte,9,chess player,Ugandan chess player
Q135338517,Ramurah Nakato,9,basketball player,Ugandan basketball player (born 2001)
Q134008804,Rashimah Nangonzi,9,chess player,Ugandan chess player
Q135338620,Rebecca Faith Akullo,9,basketball player,Ugandan basketball player (born 1983)
Q134979329,Resty Nanono,9,boxer,Ugandan boxer
Q140589445,Rhaudha Kalungi Nantume,9,swimmer,Ugandan swimmer
Q133893769,Ruth Thelma Lukanga Muganzi,9,chess player,Ugandan chess player
Q134008782,Ryann Kyla Nakijjoba,9,chess player,Ugandan chess player
Q133893722,Safinah Mugide,9,chess player,Chess player
Q135338554,Sandra Auma,9,basketball player,Ugandan basketball player (born 1996)
Q134005518,Sandra Esther Nalunga,9,chess player,Ugandan chess player
Q139836039,Sarah Kirabo,9,rugby player,Ugandan rugby player
Q134008636,Sarah Nakalyowa,9,chess player,Ugandan chess player
Q133893761,Shanita Namaganda,9,chess player,Ugandan chess player
Q134979354,Sharifah Nanyonjo,9,boxer,Ugandan boxer
Q136381268,Shivan Mwesigwa,9,basketball player,Ugandan basketball player (born 2009)
Q134979401,Swaburah Nakato,9,boxer,Ugandan boxer
Q135338546,Sylivia Nakazibwe,9,basketball player,Ugandan basketball player (born 1995)
Q133894788,Tara Ann Mary Naluwoza Kisawuzi,9,swimmer,Ugandan Swimmer
Q135338589,Thecia Vicky Ntale Nassolo,9,basketball player,Ugandan basketball player (born 1984)
Q135338437,Vannessa Loy Nakayenga,9,basketball player,Ugandan basketball player (born 2007)
Q133842450,Wendy Angudeyo,9,golfer,Ugandan golfer
Q139839102,Winnie Atyang,9,rugby player,Ugandan rugby player
Q135338609,Yvonne Byanjeru,9,basketball player,Ugandan basketball player (born 1991)
Q135338547,Zainah Lokwameri,9,basketball player,Ugandan basketball player (born 1994)
Q133893684,Zuri Tatiina,9,chess player,Chess player
Q133894501,Aidah Birungi,8,handball player,Ugandan handball player
Q134008795,Aimee Ahumuza Nyatia,8,chess player,Ugandan chess player
Q135338606,Angela Catherine Namirimu,8,basketball player,Ugandan basketball player (born 1990)
Q133857472,Angella Nanyonjo,8,rugby player,Rugby player
Q135304567,Anisha Nabatanzi,8,netballer,Ugandan netball player
Q133887632,Anitah Atim,8,field hockey player,Hockey player
Q136624202,Annet Among,8,basketball player,Ugandan basketball player (born 1996)
Q136622013,Annet Nakiwu,8,basketball player,Ugandan basketball player (born 1974)
Q135338567,Apio Faith Phoebe Omuut,8,basketball player,Ugandan basketball player (born 1997)
Q136089061,Apio Marion,8,boxer,Ugandan Boxer
Q140632704,Ava D Achan,8,swimmer,Ugandan Swimmer
Q135338514,Azidah Nabayunga,8,basketball player,Ugandan basketball player (born 2000)
Q136623844,Babra Gimbo,8,basketball player,Ugandan basketball player (born 1994)
Q141042834,Baskaline Cherotwo,8,athletics competitor,Ugandan track and field athlete
Q135338613,Benah Moru,8,basketball player,Ugandan basketball player (born 1991)
Q136624687,Brenda Kayaga,8,basketball player,Ugandan basketball player (born 1996)
Q136624689,Brenda Nakitende,8,basketball player,Ugandan basketball player (born 1994)
Q135338607,Chantal Noarh Aching,8,basketball player,Ugandan basketball player (born 1992)
Q135338612,Charlene Mary Karungi,8,basketball player,Ugandan basketball player (born 1990)
Q136623097,Chemutai Joy Sokuton,8,basketball player,Ugandan basketball player (born 1993)
Q133836286,Christine Anayo,8,cricketer,cricketer
Q134979212,Christine Nabanja,8,boxer,Ugandan boxer
Q135985021,Christine Nakaayi,8,netballer,Ugandan netball player
Q133830151,Christine Namuumba,8,netballer,Ugandan netball player
Q140674123,Condoleeza Nakazibwe Thembo,8,,Ugandan swimmer
Q140632518,Darleen Kate Wanyenze,8,swimmer,Ugandan Swimmer
Q140986866,Divine Love Muwanguzi Muwonge,8,swimmer,Ugandan swimmer
Q135338614,Dorothy Wiltshire Kyamazima,8,basketball player,Ugandan basketball player (born 1991)
Q135338621,Edith Dorothy Nakiriyowa,8,basketball player,Ugandan basketball player (born 1964)
Q133880398,Emily Kansime,8,volleyball player,Volleyball player
Q133887649,Eva Akello,8,field hockey player,Hockey player
Q134627511,Evas Nayebare,8,volleyball player,Ugandan professional volleyball player
Q140643350,Getrude Scarlett Atuhaire,8,swimmer,Ugandan Swimmer
Q133842436,Gloria Mbaguta,8,golfer,Ugandan golfer
Q133836299,Gloria Obukor,8,cricketer,Cricketer
Q141156814,Grace Nakalembe,8,basketball player,Ugandan basketball player (born 2008)
Q133864048,Grace Ojil,8,kabaddi player,"She Gladiators team member,World Cup bronze medalist"
Q135338582,Hatima Kassime,8,basketball player,Ugandan basketball player (born 1988)
Q133836300,Irene Alumo,8,cricketer,cricketer
Q135338574,Irene Eileanne Nalunkuma,8,basketball player,Ugandan basketball player (born 1990)
Q133880509,Jalia Nassuna,8,volleyball player,Volleyball player
Q140674416,Jamilah Ziri Nakiganda,8,,Ugandan swimmer
Q133881213,Josephine Nammanda,8,volleyball player,Volleyball player
Q133863832,Jovita Lubango,8,kabaddi player,"Ugandan national female kabaddi team player, Uganda's Kho Kho women team"
Q136624664,Joy Chemutai,8,basketball player,Ugandan basketball player (born 1993)
Q134979258,Joyce Kugonza,8,boxer,Ugandan boxer
Q135338593,Katooko Frances Nabulobi,8,basketball player,Ugandan basketball player (born 1983)
Q135424656,Katushabe Angel,8,boxer,Ugandan Boxer
Q133848860,Keisha Kagoro,8,golfer,Ugandan golfer
Q140627300,Kerry bradshaw,8,,Ugandan swimmer
Q140627994,Kristen Skylar Kayongo,8,,Ugandan swimmer
Q133836319,Leona Babirye,8,cricketer,cricketer
Q133836140,Lorna Anyait,8,cricketer,Ugandan female cricketer
Q136089144,Luwedde Dorah,8,boxer,Ugandan Boxer
Q133842377,Maggie Flavia Namaganda,8,tennis player,Ugandan tennis player
Q134112980,Maggie Roseform,8,rally driver,Motorsport rally driver
Q140715000,Manuella  Jayden Nabukeera  Musoke,8,,Ugandan swimmer
Q133836271,Maria Kagoya,8,cricketer,Cricketer
Q141156744,Maria Nanyonga,8,basketball player,Ugandan basketball player (born 2009)
Q134963364,Mariam Asacha,8,netballer,Ugandan netball player
Q133864102,Mellon Amvioko,8,kabaddi player,"She Gladiators team member, World Cup bronze medalist"
Q133836293,Mildred Anyigo,8,cricketer,cricketer
Q134113506,Moreen Blessing,8,volleyball player,Volleyball player
Q134627811,Mouricia Nabuma,8,volleyball player,Ugandan professional volleyball player
Q136089135,Mulungi Anitah,8,boxer,Ugandan Boxer
Q136089103,Nabakibi Tracy,8,boxer,Ugandan Boxer
Q136438428,Nabanja Amina,8,boxer,Ugandan female boxer
Q136089121,Nabatte Prossy,8,boxer,Ugandan Boxer
Q135424805,Nabikolo Fatuma,8,boxer,Ugandan Boxer
Q140553996,Nabukonde Aida Nauren.,8,,Ugandan swimmer
Q136089170,Nabukwasi Jennifer,8,boxer,Ugandan Boxer
Q136089074,Nadunga Prima,8,boxer,Ugandan Boxer
Q140480588,Nagudi Nusula,8,netballer,Ugandan professional netball player
Q135338618,Nahabo Miriam Hamala,8,basketball player,Ugandan basketball player (born 1982)
Q136089191,Nakassaga Desire,8,boxer,Ugandan Boxer
Q134979234,Nali Jalia,8,boxer,Ugandan boxer
Q133462704,Nalwanja shaffie,8,netballer,Ugandan netball player
Q136089161,Natasha Zawedde,8,boxer,Ugandan Boxer
Q133864042,Norah Veronica Nabasirye,8,kabaddi player,Ugandan national female Kho Kho team player
Q133864024,Olivia Tuhaise,8,kabaddi player,Ugandan national female Kho Kho team player
Q133836304,Patricia Malemikia,8,cricketer,cricketer
Q133836157,Patricia Timong,8,cricketer,Ugandan Female cricketer
Q133842420,Peace Kabasweka,8,golfer,Ugandan golfer
Q133836325,Phiona Kulume,8,cricketer,cricketer
Q134979288,Phionah Nanyanzi,8,boxer,Ugandan boxer
Q133857425,Phyllis Apio,8,rugby player,Rugby player
Q133864088,Priscila Nambazira,8,kabaddi player,"She Gladiators team member,World Cup bronze medalist"
Q135338550,Priscilla Ameu Apolot,8,basketball player,Ugandan basketball player (born 1997)
Q136624127,Proscovia Arach,8,basketball player,Ugandan basketball player (born 1994)
Q135177265,Rahimah Nayiga,8,netballer,Ugandan netball player
Q135338564,Rhoda Ruth Nagitta,8,basketball player,Ugandan basketball player (born 1996)
Q133836374,Rita Nyangendo,8,cricketer,cricketer
Q141156815,Rose Musundi,8,basketball player,Ugandan basketball player (born 2008)
Q133864096,Rose Nankumba,8,kabaddi player,"She Gladiators team member, World Cup bronze medalist"
Q140548098,Rubby Hadassah,8,swimmer,Ugandan swimmer
Q134270751,Sandra Arinaitwe,8,"marketer, swimmer",Ugandan swimmer
Q133836311,Sarah Akiteng,8,cricketer,cricketer
Q140638302,Sasha Vimbai Munyikwa,8,swimmer,Ugandan Swimmer
Q134979206,Sauda Muhammad,8,boxer,Ugandan boxer
Q141156708,Sharifah Agaba,8,basketball player,Ugandan basketball player (born 2008)
Q133839270,Sheila Angozibwa,8,handball player,Ugandan female handball player
Q133863984,Shirat Mirembe,8,kabaddi player,She Gladiators team member
Q134054867,Sonia Rwere,8,swimmer,Ugandan swimmer
Q135338565,Sumaiya Hasahya,8,basketball player,Ugandan basketball player (born 1996)
Q136621409,Sumine Nabatanzi,8,basketball player,Ugandan basketball player (born 1981)
Q133856883,Susan Kakai,8,cricketer,Cricket player
Q139834554,Susan Khainza,8,"ice hockey player, rugby player, administrator",Ugandan hockey player
Q140627789,Swagiah Mubiru,8,swimmer,Ugandan Swimmer
Q136622643,Sylvia Hilda Naigaga,8,basketball player,Ugandan basketball player (born 1987)
Q140627735,Tendo Atia,8,swimmer,Ugandan Swimmer
Q136627334,Thelma Delane Toskin,8,basketball player,Ugandan basketball player (born 2002)
Q140681387,Theresa Kikambi,8,,Ugandan swimmer
Q133836144,Walaza Sarah,8,cricketer,Ugandan female cricketer
Q133887921,Winnie Atim,8,field hockey player,Hockey player
Q135338611,Winnie Ayango Oketch,8,basketball player,Ugandan basketball player (born 1992)
Q133887932,Winnie Nandi,8,field hockey player,Hockey player
Q140643324,Ziya Abubakr Babirye,8,swimmer,Ugandan Swimmer
Q135338623,Zumrati Ali Mavita,8,basketball player,Ugandan basketball player (born 1979)
Q134054821,Abagail Mwagale,7,swimmer,Ugandan swimmer
Q133839316,Abigail Nabasinga,7,tennis player,Ugandan Junior tennis player
Q139882762,Abur Mary,7,athlete,Ugandan Athlate
Q135424727,Adong Judith,7,boxer,Ugandan Boxer
Q133892220,Agnes Nakuya,7,rugby player,Ugandan rugby player
Q136089188,Aijuka Praise,7,boxer,Ugandan Boxer
Q140591415,Almah Angellah Busingye,7,,Ugandan swimmer
Q134276963,Alverah Mukamirinda,7,,Beach wood ball player
Q140589650,Ameria Busingye,7,swimmer,Ugandan swimmer
Q134055260,Amina Nganda,7,pool player,Ugandan pool table player
Q133462828,Amiya Penelope,7,netballer,Ugandan netball player
Q135424644,Amoding Peninah,7,boxer,Ugandan Boxer
Q139841282,Anena Kevin Prisca,7,athlete,Ugandan athlete
Q134055254,Angellah Busingye,7,pool player,Ugandan pool table player
Q140529737,Apolot Christine Rebecca,7,netballer,Ugandan netball player
Q140571211,Ariyo Ahumuza,7,swimmer,Ugandan Swimmer
Q133836148,Asumin Akurut,7,cricketer,Ugandan female cricketer
Q136089379,Ayenyo Mariam,7,netballer,Ugandan Netball Player
Q135425393,Ayike Arafah,7,boxer,Ugandan Boxer
Q133894429,Beatrice Achayo,7,handball player,Ugandan handball player
Q133848583,Bridget Basiima,7,golfer,Golfer
Q134267846,Bridget Nahola,7,wrestler,Ugandan wrestler
Q136622322,Caroline Badaru,7,basketball player,Ugandan basketball player (born 1974)
Q133892688,Caroline Karungi,7,golfer,Golfer
Q135176729,Catherine Kaganda,7,netballer,Ugandan netball player
Q140637294,Charity Doreen Nannungi,7,swimmer,Ugandan Swimmer
Q133892301,Charlotte Mudola,7,rugby player,Ugandan rugby player
Q135984880,Christine Ayikoru,7,netballer,Ugandan netball player
Q133839284,Claire Nalubuula,7,tennis player,Ugandan junior Tennis Player
Q133836254,Damalie Busingye,7,cricketer,cricketer
Q133463281,Desire Mirembe,7,netballer,Ugandan netball player
Q133894984,Diana Athieno,7,swimmer,Ugandan swimmer
Q133848627,Diana Nambalirwa,7,golfer,Golfer
Q136621408,Diana Namukusa,7,basketball player,Ugandan basketball player (born 1979)
Q133848737,Dinah Ongol,7,golfer,Golfer
Q133887636,Doreen Assimwe,7,field hockey player,Hockey player
Q135304448,Doreen Nantale,7,netballer,Ugandan netball player
Q133894489,Doreen Ondoa,7,handball player,Ugandan handball player
Q133842402,Edna Lovinsa Nabiryo,7,tennis player,Ugandan tennis player
Q133872863,Esther Aganyira,7,golfer,Golfer
Q136624176,Esther Akwap,7,basketball player,Ugandan basketball player (born 1996)
Q134271350,Esther Nadunga,7,swimmer,Ugandan swimmer
Q133864078,Eunice Awori,7,kabaddi player,She Gladiators team member
Q133848744,Evelyn Atukunda,7,golfer,Golfer
Q133842330,Evelyn Chimolo,7,tennis player,Ugandan female tennis player
Q133842370,Evelyn Kiwulwa,7,tennis player,Ugandan tennis player
Q133842323,Evelyn Ochom,7,tennis player,Ugandan female tennis player
Q133839337,Faith Aber,7,tennis player,Ugandan Junior tennis player
Q135111780,Fildeus Namulema,7,netballer,Ugandan netball player
Q133462781,Firdaus namulema,7,netballer,Ugandan netball player
Q135111884,Flavia Kitimbo,7,netballer,Ugandan netball player
Q134277469,Florence Mukoya,7,,Beach wood ball player
Q133892354,Gertrude Katessa,7,rugby player,Ugandan rugby player
Q133892670,Gertrude Kityo,7,golfer,Golfer
Q135225851,Gloria Ayaa,7,netballer,Ugandan netball player
Q133881313,Gloria Nantege,7,volleyball player,Volleyball player
Q133872823,Gloria Nanyonga,7,golfer,Golfer
Q133857493,Grace Auma,7,rugby player,Rugby player
Q133892778,Grace Kabonero,7,golfer,Golfer
Q140637629,Grace Kitiibwa,7,swimmer,Ugandan Swimmer
Q133884416,Grace Nabaggala,7,rugby player,Ugandan rugby player
Q136622012,Grace-Mary Akello,7,basketball player,Ugandan basketball player (born 1989)
Q134627968,Hadija Otin,7,volleyball player,Ugandan professional volleyball player
Q136621411,Hadijah Nnakyanzi,7,basketball player,Ugandan basketball player (born 1967)
Q140643814,Halwah Hamidah Kayondo,7,swimmer,Ugandan Swimmer
Q133848575,Hawa Wanyeche,7,golfer,golfer
Q133839356,Hilder Afwoyoroth,7,tennis player,Ugandan Junior tennis player
Q133463230,Hindu Namutebi,7,netball,Ugandan netball player
Q135179301,Hope Birungi,7,netballer,Ugandan netball player
Q135925640,Hussein Yasmine,7,netballer,Ugandan netball player
Q133836180,Immaculate Nandera,7,cricketer,Ugandan female cricketer
Q134054713,Irene Nakalembe,7,golfer,Golfer
Q140627826,Isabella Magezi,7,swimmer,Ugandan Swimmer
Q136623273,Jackline Basemera Baingana,7,basketball player,Ugandan basketball player (born 1991)
Q133848633,Janet Kabayonga,7,golfer,Golfer
Q133864015,Jemima Zalwango,7,kabaddi player,player on the Ugandan national women's Kho-Kho team
Q133842406,Jemimah Nakawala,7,tennis player,Uganda tennis player
Q140638290,Jinan Nakato,7,swimmer,Ugandan Swimmer
Q133892716,Joan Kyatuka,7,golfer,Golfer
Q133872849,Joweria Namanda,7,golfer,Golfer
Q133462756,Joyce Nakibuule,7,netballer,Ugandan netball player
Q134270513,Judith Ombuor,7,swimmer,Ugandan swimmer
Q133848815,Julia Namwewo,7,golfer,Golfer
Q133892325,Juliet Nandawula,7,rugby player,Ugandan rugby player
Q136622014,Juliete Sabano,7,basketball player,Ugandan basketball player (born 1973)
Q134054797,Kaitesi Blessing,7,swimmer,Ugandan swimmer
Q134054850,Karima Katemba,7,swimmer,Ugandan swimmer
Q140627872,Karimah Katemba,7,swimmer,Ugandan Swimmer
Q133848742,Kate Muganga,7,golfer,Golfer
Q140549144,Keilah Sebaana,7,swimmer,Ugandan swimmer
Q134270891,Kezia Wairimu,7,swimmer,Ugandan swimmer
Q140627547,Khyati Deshpande,7,swimmer,Ugandan swimmer
Q133892619,Laura Natukunda,7,golfer,Golfer
Q133857432,Leona Acen,7,rugby player,Rugby player
Q133839328,Lillian Ayee,7,tennis player,Ugandan Junior tennis player
Q133848730,Lillian Koowe,7,golfer,Golfer
Q136622015,Linda Bridget Tamale,7,basketball player,Ugandan basketball player (born 1984)
Q140571066,Lisa Bawole,7,swimmer,Ugandan   Swimmer
Q133848866,Loveness Mungure,7,golfer,Ugandan golfer
Q133884369,Lydia Namabiro,7,rugby player,Ugandan rugby player
Q133842353,Maggie Namaganda,7,tennis player,Ugandan tennis player
Q140636944,Malaika Nassuna Miiro,7,swimmer,Ugandan Swimmer
Q133842311,Mariam Etiang,7,tennis player,Ugandan tennis player
Q133884391,Mary Ayot Gloria,7,rugby player,Ugandan rugby player
Q134054787,Mary Peyton Ssubi,7,swimmer,Ugandan swimmer
Q133842350,Melonie Nahirya,7,tennis player,Ugandan tennis player
Q133842428,Meron Kyomugisha,7,golfer,Ugandan golfer
Q135424632,Muduwa Brenda,7,boxer,Ugandan Boxer
Q135427593,Nabachwa Shakira,7,boxer,Ugandan Boxer
Q135424817,Nabbumba Shamim,7,boxer,Ugandan Boxer
Q133459985,Nadia Najjemba,7,boxer,Ugandan boxer
Q133880064,Naiga Rukia,7,,Professional Pool table player
Q136089047,Nakabuye Kevin,7,boxer,Ugandan Boxer
Q135427545,Nalule Leila,7,boxer,Ugandan Boxer
Q136622347,Namiiro Sarah Kaaya Bunamwaya,7,basketball player,Ugandan basketball player (born 1986)
Q140637970,Nanette Abigail Nsereko,7,swimmer,Ugandan Swimmer
Q136089140,Nanuyunja Michelle,7,boxer,Ugandan Boxer
Q136089129,Nanyunja Shanitah,7,boxer,Ugandan Boxer
Q133463098,Nassim Mutesi,7,netballer,Ugandan netball player
Q134008816,Nassiwa Margaret Musoke,7,,Chess player
Q140571155,Nazarene Muhindo,7,swimmer,Ugandan Swimmer
Q134267851,Nevia Hope Nabwire,7,wrestler,Ugandan wrestler
Q133839306,Nicole Mulungi,7,tennis player,Ugandan Junior tennis player
Q133848663,Olimo Neema,7,golfer,Golfer
Q133839379,Olivia Natukunda,7,tennis player,Ugandan Junior tennis player
Q134271098,Olivier Nalwadda,7,"swimmer, swimming coach",Ugandan swimmer
Q133842363,Patience Athieno,7,tennis player,Ugandan tennis player
Q136624157,Patricia Alado,7,basketball player,Ugandan basketball player (born 1994)
Q134271311,Patricia Ejalu,7,swimmer,Ugandan swimmer
Q133857422,Pauline Bankabwire,7,"athlete, rugby player",Rugby player
Q133857498,Peace Lekuru,7,rugby player,Rugby player
Q133848701,Petra Nalwoga,7,golfer,Golfer
Q134277207,Precious Namubiru,7,,Beach Woodball player
Q135176816,Prime Rose Nakasaga,7,netballer,Ugandan netball player
Q133895004,Rachael Galinda,7,swimmer,Ugandan swimmer
Q133884424,Rachael Mufuwa,7,rugby player,Ugandan rugby player
Q136623550,Racheal Aceng,7,basketball player,Ugandan basketball player (born 1995)
Q136623543,Racheal Muwanguzi,7,basketball player,Ugandan basketball player (born 1995)
Q134054838,Rahma Kalungi Nakasule,7,swimmer,Ugandan swimmer
Q140643335,Rawiyah Kalungi Najjingo,7,swimmer,Ugandan Swimmer
Q133894801,Rebecca Ssengozi,7,swimmer,Ugandan swimmer
Q134055834,Ritah Nimusiime,7,pool player,Ugandan pool player
Q133892230,Ritta Nadunga,7,rugby player,Ugandan rugby player
Q133848591,Rukia Bako,7,golfer,Golfer
Q133842298,Sandra Nhissa,7,tennis player,Ugandan Tennis player
Q134276469,Sanyu Mirembe,7,,Beach wood ball player
Q133892574,Sarah Kangana,7,golfer,Golfer
Q140681423,Sarah kansiime,7,,Ugandan swimmer
Q133892552,Sheila Kesiime,7,golfer,Ugandan golfer
Q133894450,Stella Akongo,7,handball player,Ugandan handball player
Q136621406,Sulaina Nakyagaba,7,basketball player,Ugandan basketball player (born 1978)
Q133892318,Susan Adong,7,rugby player,Ugandan rugby player
Q134054810,Tanja Atukunda,7,swimmer,Ugandan swimmer
Q133880244,Tara Naluwooza,7,swimmer,Swimmer
Q134277371,UJoyce Nalubega,7,,Beach wood ball player
Q133892342,Unity Namulala,7,rugby player,Ugandan rugby player
Q136621412,Victoria Nassolo,7,basketball player,Ugandan basketball player (born 1985)
Q133848902,Vivian Achen,7,golfer,Ugandan golfer
Q133892701,Willemien Hamminga,7,golfer,Golfer
Q133881318,Winnie Nakabuubi,7,volleyball player,Volleyball player
Q136627619,Winnifred Akello,7,basketball player,Ugandan basketball player (born 2001)
Q133884378,Yvonne Najjuma,7,rugby player,Ugandan rugby player
Q133894903,Zara Nsubuga,7,swimmer,Ugandan swimmer
Q133848894,Aalaa Somji,6,golfer,Ugandan golfer
Q134113529,Adella Asimiire,6,volleyball player,Volleyball player
Q135426289,Akello Jesca,6,boxer,Ugandan Boxer
Q136089460,Akong Stella,6,netballer,Ugandan Netball Player
Q135426336,Akullu Prisca,6,boxer,Ugandan Boxer
Q136089411,Akumu Conslate,6,netballer,Ugandan Netball Player
Q140570399,Aloyo Vivian,6,netballer,Ugandan netballer
Q134984909,Angel Auwei,6,netballer,Ugandan netball player
Q140632749,Astrina Kikomeko,6,swimmer,Ugandan Swimmer
Q135426245,Atuhaire Hazel,6,boxer,Ugandan Boxer
Q136089420,Bakia Alice,6,netballer,Ugandan Netball Player
Q135225902,Bashirah Nassazi,6,netballer,Ugandan netball player
Q135232305,Brendah Nakazibwe,6,netballer,Ugandan netball player
Q135925594,Bridget Namuwonge,6,netballer,Ugandan netball player
Q139578369,Budesia Nyakecho,6,athlete,Hurdles Athlete from Uganda
Q135176919,Cecilia Aol,6,netballer,Ugandan netball player
Q133839298,Cillian Ndilima,6,tennis player,Ugandan Junior Tennis player
Q135111797,Daphine Adong,6,basketball player,Ugandan basketball player
Q134267869,Daphine Kisaakye,6,wrestler,Ugandan wrestler
Q135426489,Dezu Jiladat,6,boxer,Ugandan Boxer
Q133892748,Edrae Kagombe,6,golfer,Golfer
Q134999576,Eileen Ategeka Mukama,6,netballer,Ugandan netball player
Q133848875,Esezar Kemigisha,6,golfer,Ugandan golfer
Q134999549,Florence Nakato,6,netballer,Ugandan netball player
Q133892600,Harsshitha Loganathan,6,golfer,Ugandan golfer
Q134267972,Honaranta Nakato,6,wrestler,Ugandan wrestler
Q140504868,Isabell Omara Sigombe,6,,Ugandan swimmer
Q133892272,Janati Nandudu,6,rugby player,Ugandan rugby player
Q133892727,Jenina Nasimolo,6,golfer,golfer
Q135925617,Joan Nantumbwe,6,netballer,Ugandan netball player
Q135111745,Josephine Bakhata,6,netballer,Ugandan netball player
Q133842320,Jovia Nakayenga,6,tennis player,Ugandan female tennis player
Q133892635,Jovia Tugume,6,golfer,Golfer
Q135232262,Juliet Nakabugo,6,netballer,Ugandan netball player
Q135426463,Kalivamu Noelina,6,boxer,Ugandan Boxer
Q135426748,Kisakye Loy,6,boxer,Ugandan Boxer
Q133839344,Latifa Kampi,6,tennis player,Ugandan Junior tennis player
Q135426804,Latifah Gift,6,boxer,Ugandan Boxer
Q135232360,Lillian Ajio,6,netballer,Ugandan netball player
Q135984914,Lillian Nampijja,6,netballer,Ugandan netball player
Q140627378,Lindsey Ninsiima,6,,Ugandan swimmer
Q135427564,Losia Mary,6,boxer,Ugandan Boxer
Q133892261,Maimunah Nassozi,6,rugby player,Ugandan rugby player
Q135151001,Manano Alhaji,6,rugby player,Ugandan Rugby Player
Q135301645,Mariam Sultan,6,boxer,Ugandan boxer
Q134270981,Marianne Nkwanzi,6,swimmer,Ugandan swimmer
Q139837916,Mayimuna Nassozi,6,rugby player,Ugandan rugby Player
Q133892757,Moureen Okura,6,golfer,Golfer
Q134008521,Mukisa Blessing Shanitah,6,,Chess player
Q136091479,Mundu Zakia,6,boxer,Ugandan female boxer
Q135425846,Naava Getrude,6,boxer,Ugandan Boxer
Q136089470,Nabatanzi Stella,6,netballer,Ugandan Netball Player
Q135426354,Nakabira Peace,6,boxer,Ugandan Boxer
Q136089479,Nakasumba Nuru,6,netballer,Ugandan Netball Player
Q135426254,Nakato Winnie,6,boxer,Ugandan Boxer
Q135178945,Nalukenge Shifah,6,netballer,Ugandan netball player
Q135426347,Namabiro Joy,6,boxer,Ugandan Boxer
Q135426814,Namilimu Pauline,6,boxer,Ugandan Boxer
Q135426773,Namitala Angel,6,boxer,Ugandan Boxer
Q135424704,Namuyomba Christine,6,boxer,Ugandan Boxer
Q135424615,Nantongo Shakira,6,boxer,Ugandan Boxer
Q135426437,Nanyanzi Anna,6,boxer,Ugandan Boxer
Q135426859,Natasha Kabagabe,6,boxer,Ugandan Boxer
Q133848714,Nerimah Shaminah,6,golfer,Golfer
Q134984871,Noeline Ajuna,6,netballer,Ugandan netball player
Q135427606,Nzikuru Priscah,6,boxer,Ugandan Boxer
Q140502773,Palma Kirabo,6,,Ugandan swimmer
Q135177031,Patience Luck,6,netballer,Ugandan netball player
Q134267921,Proscovia Nalweyiso,6,wrestler,Ugandan wrestler
Q135111777,Prudence Nakato,6,netballer,Ugandan netball player
Q140637564,Razielle Naigaga,6,swimmer,Ugandan Swimmer
Q133848722,Resty Nalutaaya,6,golfer,Golfer
Q134999680,Ritah Katusiime,6,netballer,Ugandan netball player
Q133848674,Robinah Angom,6,golfer,Golfer
Q133848834,Rukia Nalwoga,6,golfer,Golfer
Q135105155,Shakirah Nabukalu,6,netballer,Ugandan netball player
Q134999524,Shamirah Ayikoru,6,netballer,Ugandan netball player
Q135177412,Sharifa Nanyanzi,6,netballer,Ugandan netball player
Q135177157,Sharon Nansereko,6,netballer,Ugandan netball player
Q135225930,Sharon Pita,6,netballer,Ugandan netball player
Q135086698,Sylvia Annet Alalo,6,netballer,Ugandan netball player
Q134999727,Sylvia Musene,6,netballer,Ugandan netball player
Q140461765,Tara Ambale,6,swimmer,Ugandan swimmer
Q136089502,Titol Chebet Lavenda,6,netballer,Ugandan Netball Player
Q135179293,Victoria Nantumbwe,6,netballer,Ugandan netball player
Q135232334,Viola Nakazibwe,6,netballer,Ugandan netball player
Q133872810,Winnie Musuya,6,golfer,Golfer
Q134055270,Zaimati Nabafu,6,pool player,Ugandan pool table player
Q135426525,Abwoli Mwajuma,5,boxer,Ugandan Boxer
Q134964189,Achesa Achieng Teopista,5,netballer,Ugandan netball player
Q135925655,Alice Rukia,5,netballer,Ugandan netball player
Q133460432,Amono Florence,5,netballer,Ugandan netball player
Q133872836,Assa Nambogwe,5,golfer,Golfer
Q133872387,Berna Musanabera,5,golfer,Golfer
Q135088180,Bredia Kyomukama,5,netballer,Ugandan netball player
Q133872372,Cathy Kwagala,5,golfer,Golfer
Q134984890,Daphine Nagabania,5,netballer,Ugandan netball player
Q133852663,Deborah Nakijoba,5,netballer,Ugandan netball player
Q111441238,Doreen Nassali,5,boxer,Ugandan Boxer Coach
Q140469798,Elsa Rose Mikisa Lumu,5,,Ugandan swimmer
Q134999775,Ezon Nakasoma,5,netballer,Ugandan netball player
Q133857461,Faith Namugga,5,rugby player,Rugby
Q133881293,Femia Awor,5,volleyball player,Volleyball player
Q133872456,Frista Birabwa,5,golfer,Golfer
Q133842590,Gloria Aya,5,netballer,Ugandan netball player
Q135179312,Hajarah Nabatanzi,5,netballer,Ugandan netball player
Q140470854,Hannah Keza Kengoro,5,,Ugandan swimmer
Q133872364,Harriet Kitaka,5,golfer,Golfer
Q133868453,Jane Ajilo,5,athlete,Athlete
Q133872481,Joan Julian Nampewo,5,golfer,Golfer
Q133881281,Joan Nabuuto,5,volleyball player,Volleyball player
Q133872462,Joyce Kisembo,5,golfer,Golfer
Q135088252,Katusiime Mukidi,5,netballer,Ugandan netball player
Q136089706,Lindah Muzigo,5,netballer,Ugandan netball player
Q133872199,Martha Babirye,5,golfer,Golf player
Q133872468,Maxi Byenkya,5,golfer,Golfer
Q135426478,Nabwire Shadia,5,boxer,Ugandan Boxer
Q135426471,Nankya Maria,5,boxer,Ugandan Boxer
Q136089487,Nyirambonigaba Barbara,5,netballer,Ugandan Netball Player
Q133872451,Phoebe Chandiru,5,golfer,Golfer
Q133872398,Prudence Nimukama,5,golfer,Golfer
Q140470042,Raya Inell Ba,5,,Ugandan swimmer
Q133879970,Renee Nassozi Kiggundu,5,,Fencing player
Q133872508,Rita Akot Apell,5,golfer,Golfer
Q133857495,Sandra Amoli Lona,5,rugby player,Rugby player
Q133872410,Sarah Nduhukire,5,golfer,Golfer
Q134984884,Shamirah Majid,5,netballer,Ugandan netball player
Q134999638,Shanita Wesonga,5,netballer,Ugandan netball player
Q135179322,Shanitah Namugaya,5,netballer,Ugandan netball player
Q135068550,Specioza Namukose,5,netballer,Ugandan netball player
Q135426400,Swallah Halima,5,boxer,Ugandan Boxer
Q133852773,Vanessa Mutiibwa,5,tennis player,Tennis player
Q133842531,Viola Asingo,5,netballer,Ugandan netball player
Q135232381,Asinah Kabendera,4,netballer,Ugandan netball player
Q140723453,Paloma Kirabo,4,,Ugandan swimmer
Q133459978,Sharon Amito,4,volleyball player,Ugandan middle blocker in KCB volleyball
